lat,long,api,guid,perm_date,county,perm_date,status,operator,well_name
40.9466508,-82.4034777,"[""34005241600100"", ""34005241600100""]",6418bb363ffe4a19b833b53140beb649,,Ashland,,,,
41.5204837,-80.6934257,"[""34007245510100"", ""34007245510100""]",66ae8ca878384b7486efaf64737014d2,,Ashtabula,,,,
39.9773526,-80.8380489,"[""34013206530000"", ""34013206530000""]",851d65041a034156835bc90b6358e706,,Belmont,,,,
39.97608316,-80.83817634,"[""34013206540100"", ""34013206540100"", ""34013207750000"", ""34013207760000"", ""34013207740000""]",c00294d18c644edb838fd84d347f8054,,Belmont,,,,
40.04310042,-81.12318558,"[""34013206570100"", ""34013206570100"", ""34013206890000"", ""34013206880000"", ""34013207060000""]",cd6e9f974ac443688f03ab85d36f2423,,Belmont,,,,
40.0326796,-81.14578476,"[""34013206580100"", ""34013206580100"", ""34013206910000"", ""34013206900000"", ""34013206970000""]",31b7ca2e5e254a89b0c466777a147cfe,,Belmont,,,,
40.14982988,-81.0173334,"[""34013206600100"", ""34013206600100"", ""34013206730000"", ""34013207300000""]",906be27bd09640de96ff7eb7f13fe861,,Belmont,,,,
40.0889823,-80.9331631,"[""34013206610000"", ""34013206610000""]",8227ceae47fd49828e3d839a4629e92a,,Belmont,,,,
40.0003016,-80.89066953,"[""34013206620000"", ""34013206620000"", ""34013207870000""]",11f1261a29504e2484f9737d8f9d9f82,,Belmont,,,,
39.89049474,-81.17112068,"[""34013206650100"", ""34013206650100"", ""34013206700100"", ""34013206980000"", ""34013206990000""]",5f8ff9e06a16429bb18c93b6c4f74b17,,Belmont,,,,
39.91971561,-81.2151418,"[""34013206720000"", ""34013206720000"", ""34013206770000"", ""34013206820000"", ""34013206960000"", ""34013206950000"", ""34013206940000""]",ef086771cc7c4cf4a765217a3b409d86,,Belmont,,,,
39.9384472,-81.2074588,"[""34013206740000"", ""34013206740000"", ""34013207040000"", ""34013207030000"", ""34013207020000"", ""34013207010000""]",c2f74b0f400d48058ea58a8815578ef8,,Belmont,,,,
39.9098369,-80.90618277,"[""34013206750100"", ""34013206750100"", ""34013206800000""]",82e7dad25ffe4c8e91db9ab67f07e355,,Belmont,,,,
40.07695823,-80.99752167,"[""34013206790000"", ""34013206790000"", ""34013207350000""]",3e2486df67d64d41a68043f809bf8993,,Belmont,,,,
40.06657692,-81.09698458,"[""34013206810000"", ""34013206810000"", ""34013206850000"", ""34013206870000"", ""34013206860000""]",0695a813b6214bd5bca72a6caeac2345,,Belmont,,,,
39.88939,-81.17685057,"[""34013206830000"", ""34013206830000"", ""34013206930000"", ""34013206840000""]",aed9b5dc780e478ab777467c1fb032f1,,Belmont,,,,
40.1425963,-80.7908584,"[""34013207000100"", ""34013207000100""]",da387334c9e84c2cb921946e7469f05e,,Belmont,,,,
40.07843036,-81.22487654,"[""34013207050000"", ""34013207050000"", ""34013207130000"", ""34013207120000"", ""34013207110000""]",51eb5c23d07b462296e33ad170f19ebe,,Belmont,,,,
40.05665732,-81.10391526,"[""34013207070000"", ""34013207070000"", ""34013207100000"", ""34013207080000"", ""34013207090000""]",edadb19694d745c2ba5662846008df2d,,Belmont,,,,
40.02521233,-80.97990067,"[""34013207140000"", ""34013207140000"", ""34013207150000""]",d660d2e9ced747299df3e398af0d67c1,,Belmont,,,,
39.89257593,-81.158747,"[""34013207160000"", ""34013207160000"", ""34013207170000""]",7e892849965e40a2bd3e51496225f95e,,Belmont,,,,
39.98479327,-81.19592248,"[""34013207190000"", ""34013207190000"", ""34013207250000"", ""34013207260000"", ""34013207270000"", ""34013207280000""]",a7f955c1edd14c5d8ea07ce719ea3ef0,,Belmont,,,,
40.02445733,-81.00391817,"[""34013207210000"", ""34013207210000"", ""34013207220000""]",e2da0c71970e4b4dbce56c34dd2484f2,,Belmont,,,,
40.0200755,-80.9278418,"[""34013207290000"", ""34013207290000"", ""34013208160000"", ""34013208150000""]",a6f158dfe1b34a17aae88dae9b49f7fa,,Belmont,,,,
39.91124156,-81.0173148,"[""34013207310000"", ""34013207310000"", ""34013207320000"", ""34013207330000"", ""34013207340000""]",54bcba49400f44b3b123a67848d833bb,,Belmont,,,,
39.88940496,-81.17021772,"[""34013207370000"", ""34013207370000"", ""34013207380000"", ""34013207390000"", ""34013207400000""]",1e9c4c63270f490db925ac7c5369bcd8,,Belmont,,,,
39.94853748,-81.2046904,"[""34013207410000"", ""34013207410000"", ""34013207420000"", ""34013207430000""]",8b9002793a9e48249b7c5e03ff06909d,,Belmont,,,,
40.0448003,-81.12055432,"[""34013207480000"", ""34013207480000"", ""34013207510000"", ""34013207500000"", ""34013207490000""]",55d26ef0419d44a4a06f46f95de1752d,,Belmont,,,,
39.95051924,-81.219702,"[""34013207520000"", ""34013207520000"", ""34013207540000"", ""34013207530000"", ""34013207550000""]",f58e9638dac24584ba36f55fd9b019f5,,Belmont,,,,
39.92786068,-81.1254842,"[""34013207570100"", ""34013207570100"", ""34013207580000"", ""34013207590000""]",e18e5c77edce427080f21d47780eca0c,,Belmont,,,,
40.06860818,-81.07441845,"[""34013207610000"", ""34013207610000"", ""34013207620000"", ""34013207630000""]",4ef62f4a58434ba1b88c9dba938e8a20,,Belmont,,,,
40.0408184,-81.1085027,"[""34013207640000"", ""34013207640000"", ""34013207650000"", ""34013207810000""]",248004fb99d2452dbf731611bd9d8293,,Belmont,,,,
39.86406797,-80.8615966,"[""34013207680000"", ""34013207680000"", ""34013207690000""]",d60021aaef8844249fffe11f71fc1587,,Belmont,,,,
39.91558143,-80.8748679,"[""34013207700000"", ""34013207700000"", ""34013207730000"", ""34013208070000"", ""34013208060000"", ""34013207710000"", ""34013207720000"", ""34013208090000"", ""34013208080000""]",087ff8695ba84029aafb8733f16df772,,Belmont,,,,
39.9133111,-81.0046221,"[""34013207800000"", ""34013207800000"", ""34013207820000""]",e5271de2d4e44805a25b20d14ef81bdb,,Belmont,,,,
40.0389598,-81.13897173,"[""34013207830000"", ""34013207830000"", ""34013207840000""]",103f4df13a264d63b2eaa00b6b05cdc4,,Belmont,,,,
39.86257166,-80.92183644,"[""34013207850000"", ""34013207850000"", ""34013207900000"", ""34013207890000"", ""34013207880000""]",80f0438b11c94adeb7509cfbf81ab152,,Belmont,,,,
39.93201263,-81.12298971,"[""34013207910000"", ""34013207910000"", ""34013207950000"", ""34013207940000"", ""34013207930000"", ""34013207960000"", ""34013207920000""]",d62fc8a1a49d4b6597ac7d7361906c93,,Belmont,,,,
39.87868281,-80.97497379,"[""34013208000000"", ""34013208000000"", ""34013208050000"", ""34013208030000"", ""34013208010000"", ""34013208020000"", ""34013208040000""]",37f938af948748f39e7842e0d4efd169,,Belmont,,,,
39.95445455,-80.8295493,"[""34013208120000"", ""34013208120000"", ""34013208140000"", ""34013208130000""]",704c3bceea5a448a8d9bb099179e7243,,Belmont,,,,
40.6727879,-81.0251901,"[""34019220730100"", ""34019220730100"", ""34019221400000"", ""34019221110000""]",773427dfca4b4afbaeb308be022e3595,,Carroll,,,,
40.68151268,-80.92522848,"[""34019220740000"", ""34019220740000"", ""34019221030000"", ""34019221180000"", ""34019221040000""]",6dd0d8ae208442b190098fafddac6e90,,Carroll,,,,
40.60201623,-81.00088324,"[""34019220750000"", ""34019220750000"", ""34019221240000"", ""34019221250000"", ""34019221230000"", ""34019221510000"", ""34019221530000""]",599663f004b5417a96c2034e14ba2757,,Carroll,,,,
40.60599277,-81.0224792,"[""34019220760100"", ""34019220760100"", ""34019221060000"", ""34019223020000"", ""34019221680000"", ""34019221070000"", ""34019223010000""]",2468ee67bfb742a6aa79f7cc41ffe2c7,,Carroll,,,,
40.5638235,-81.12962905,"[""34019220790000"", ""34019220790000"", ""34019220850000"", ""34019222930000"", ""34019221370000"", ""34019221100000"", ""34019222920000"", ""34019222910000""]",c62093c5de89480e90808405a73c0419,,Carroll,,,,
40.5777097,-81.0530082,"[""34019220810100"", ""34019220810100""]",c35380d036ac4d4b9e0c7002de2a2bf2,,Carroll,,,,
40.71975973,-81.03505785,"[""34019220820100"", ""34019220820100"", ""34019221090000"", ""34019221080000""]",603735c5b25b4a2783ff83622c67c3fb,,Carroll,,,,
40.7139268,-80.9613731,"[""34019220840100"", ""34019220840100""]",cebc007e9f8f4c749bf6cfe8a36a342f,,Carroll,,,,
40.531722,-81.0256461,"[""34019220880000"", ""34019220880000""]",f8a8e5631f214a3a903cf393e20bf9c8,,Carroll,,,,
40.53637627,-80.97316457,"[""34019220890100"", ""34019220890100"", ""34019225400000"", ""34019221020000"", ""34019225500000"", ""34019225510000""]",9e01d9a150ea4d369cf1e3eba5e6b2c3,,Carroll,,,,
40.5510599,-80.929966,"[""34019220900100"", ""34019220900100"", ""34019221690000""]",2870e7fb1fd14b25a5326dcde433ba7d,,Carroll,,,,
40.61091724,-81.04027468,"[""34019220910000"", ""34019220910000"", ""34019223350000"", ""34019223360000"", ""34019224480000"", ""34019223330000"", ""34019223370000"", ""34019223380000""]",e55fdbc9cd6b4abf8f84835575e1df94,,Carroll,,,,
40.53307172,-81.02660025,"[""34019220920000"", ""34019220920000"", ""34019224850000"", ""34019220950000"", ""34019224840000"", ""34019224870000""]",a56b159ddd564a16a1aaf86374158108,,Carroll,,,,
40.61041417,-81.188084,"[""34019220930000"", ""34019220930000"", ""34019221140100""]",46478ba7d378496e9bdfae1bf21ced52,,Carroll,,,,
40.57098517,-81.2526074,"[""34019220940000"", ""34019220940000"", ""34019220940100""]",517efb533de44d8599ea1aa280a44ad1,,Carroll,,,,
40.51000726,-81.02928005,"[""34019220960000"", ""34019220960000"", ""34019224910000"", ""34019221000000"", ""34019224900000"", ""34019220990000"", ""34019224570000"", ""34019224580000""]",c1bedda5a6bb48169cd035fa9364be1d,,Carroll,,,,
40.53106305,-81.01398297,"[""34019220970000"", ""34019220970000"", ""34019220980000"", ""34019221050000""]",1e0daf453b0c44bd968883b41901f29c,,Carroll,,,,
40.5371407,-80.9739386,"[""34019221010000"", ""34019221010000""]",cfcf68b7f3604664b66efb9c06d6b58d,,Carroll,,,,
40.6454353,-80.95990542,"[""34019221120000"", ""34019221120000"", ""34019223340000"", ""34019223390000"", ""34019222430000""]",d9d734ca7e8b4aaabc426d52c5c1a2db,,Carroll,,,,
40.46548387,-81.04189413,"[""34019221130000"", ""34019221130000"", ""34019221920000"", ""34019222070000"", ""34019222010000"", ""34019222020000"", ""34019221190100""]",086507ab56a14122b9b321d7dab2d877,,Carroll,,,,
40.7111863,-81.17393693,"[""34019221150100"", ""34019221150100"", ""34019221160100""]",5447902b6cb547b2a94c71cc8a892176,,Carroll,,,,
40.44855464,-81.06073014,"[""34019221170000"", ""34019221170000"", ""34019222350000"", ""34019221930000"", ""34019221940000"", ""34019222330000"", ""34019222320000"", ""34019222340000"", ""34019222000000""]",123c7c4369ec4c0c9893335c0c7caccd,,Carroll,,,,
40.6505109,-81.3100973,"[""34019221200000"", ""34019221200000""]",7b59e757694e4e788351d5d58680d1eb,,Carroll,,,,
40.68207957,-80.93883387,"[""34019221210000"", ""34019221210000"", ""34019223420000""]",2b64108cbaa74280959bc07118616b96,,Carroll,,,,
40.4714231,-81.05956206,"[""34019221220000"", ""34019221220000"", ""34019224080000"", ""34019224100000"", ""34019223920000"", ""34019223930000"", ""34019223940000""]",2243805f55f542339f2dc5dc5c6d1c99,,Carroll,,,,
40.68597665,-81.00461558,"[""34019221260000"", ""34019221260000"", ""34019221710000"", ""34019225860000"", ""34019221270000"", ""34019223910000"", ""34019221280000"", ""34019225850000""]",811a5aa0d83249dd993a2d6fd38fe736,,Carroll,,,,
40.6775598,-81.09599303,"[""34019221300100"", ""34019221300100"", ""34019221490100""]",71dddf1f23af428588920379409c39c9,,Carroll,,,,
40.62858685,-80.9896578,"[""34019221310100"", ""34019221310100"", ""34019224110000"", ""34019224120000""]",b044d16730c14271a62ede4b661b0e1e,,Carroll,,,,
40.6413926,-81.051704,"[""34019221320100"", ""34019221320100""]",83939a4ebeb44233b12d564b1b39f870,,Carroll,,,,
40.6382757,-81.04808297,"[""34019221330100"", ""34019221330100"", ""34019222440000""]",ec779415a0d94a319c4a911adcd3a2b8,,Carroll,,,,
40.44140043,-80.96967959,"[""34019221340000"", ""34019221340000"", ""34019221340100"", ""34019221380100"", ""34019225550000"", ""34019225570000"", ""34019221480000"", ""34019225560000""]",e78ce563b01c4d7db7f87bfa3b3a30f7,,Carroll,,,,
40.51924233,-80.97037819,"[""34019221350000"", ""34019221350000"", ""34019222130000"", ""34019221440000"", ""34019221950000"", ""34019221980000"", ""34019222030000""]",86075c43cbeb40afa221612224921375,,Carroll,,,,
40.50237619,-81.00220794,"[""34019221360000"", ""34019221360000"", ""34019223950000"", ""34019221390100"", ""34019223970000"", ""34019223960000"", ""34019221610000""]",880b7cfc3f4b4d03829b461292d2ff33,,Carroll,,,,
40.6631523,-81.2313138,"[""34019221410000"", ""34019221410000""]",640b187c265e42fa9a5e7e88f3b1ec31,,Carroll,,,,
40.44070386,-81.03754326,"[""34019221420000"", ""34019221420000"", ""34019221750000"", ""34019221840000"", ""34019222150000"", ""34019221850000"", ""34019221830000""]",2b7f17ff89984bfd80c0c0bccfbb87aa,,Carroll,,,,
40.5442563,-81.0078073,"[""34019221430000"", ""34019221430000""]",9d4bdbe4459f47b590efeb29820b5abb,,Carroll,,,,
40.62775843,-80.89539003,"[""34019221450000"", ""34019221450000"", ""34019221630100""]",599995985b9a4eb99c3ba88522a00bdd,,Carroll,,,,
40.64127037,-80.9699873,"[""34019221460000"", ""34019221460000"", ""34019221700000""]",3f58780526e34265b5d74a974e446b19,,Carroll,,,,
40.5359417,-81.1408279,"[""34019221470000"", ""34019221470000"", ""34019221470100""]",ad4d239c8fbc48559935767076450e35,,Carroll,,,,
40.48518351,-80.96345867,"[""34019221500000"", ""34019221500000"", ""34019221990000"", ""34019222040000"", ""34019222050000"", ""34019221820000"", ""34019221810000""]",1f0a303ac3cb42ffa416c8b3f24a9fa8,,Carroll,,,,
40.4481691,-81.1423741,"[""34019221520100"", ""34019221520100""]",8744489ac93f453c8835e4a47065279f,,Carroll,,,,
40.5838012,-81.2499666,"[""34019221550000"", ""34019221550000""]",a62c25e42130409a8cf5507af027a5af,,Carroll,,,,
40.4513445,-81.1764257,"[""34019221560000"", ""34019221560000""]",d80daf1fa16c4d7d917e09bafa5f8c4c,,Carroll,,,,
40.45942151,-81.00907664,"[""34019221570000"", ""34019221570000"", ""34019222610000"", ""34019221580000"", ""34019222630000"", ""34019221590000"", ""34019222620000""]",408d2f81fd8c4db6995979439bc514c9,,Carroll,,,,
40.45025286,-81.01557559,"[""34019221600000"", ""34019221600000"", ""34019221880000"", ""34019222420000"", ""34019221790000"", ""34019222060000"", ""34019222390000""]",3081eef101ed44d2a1f8eabbde962a8f,,Carroll,,,,
40.44954109,-80.9613212,"[""34019221620000"", ""34019221620000"", ""34019225420000"", ""34019221800000"", ""34019225490000"", ""34019225410000"", ""34019222230000""]",3440e4e71e444fb8b3a6884102552a4e,,Carroll,,,,
40.52971673,-81.12839591,"[""34019221640000"", ""34019221640000"", ""34019221760000"", ""34019221650000"", ""34019221770000"", ""34019222380000"", ""34019221720000""]",8b54daaf33684fa0b9c0ea48d28fea81,,Carroll,,,,
40.6424053,-80.89599493,"[""34019221660000"", ""34019221660000"", ""34019224730000""]",d8e7e1dce46642a4bbacb805050ff6d7,,Carroll,,,,
40.5840968,-81.3201827,"[""34019221670100"", ""34019221670100""]",1c5e9b36be1045f98a1161434fa800b7,,Carroll,,,,
40.47183133,-80.9928166,"[""34019221730000"", ""34019221730000"", ""34019222190000"", ""34019222220000"", ""34019222170000"", ""34019222180000""]",c33249ea3cf44327b4f9bf93a85d7bd9,,Carroll,,,,
40.71615913,-80.95915533,"[""34019221740000"", ""34019221740000"", ""34019223320000""]",8516deadd651489fab4173eb3ddaf76d,,Carroll,,,,
40.57913688,-81.17703955,"[""34019221780000"", ""34019221780000"", ""34019222240000"", ""34019221900000""]",21f45c9b162f4af7b150e0d09eda910d,,Carroll,,,,
40.4389216,-80.97964085,"[""34019221870000"", ""34019221870000"", ""34019222080000"", ""34019222090000"", ""34019222100000"", ""34019221890000""]",28a5726528184069a2509c37273dd467,,Carroll,,,,
40.5005271,-81.10501988,"[""34019221910000"", ""34019221910000"", ""34019222480000"", ""34019222580000"", ""34019222890000""]",e2af31c3de894a85a8d6333e061de18e,,Carroll,,,,
40.6021339,-81.1035337,"[""34019221960100"", ""34019221960100""]",c722cc3abf384624a7f6eae484edefda,,Carroll,,,,
40.6830995,-81.1163486,"[""34019221970100"", ""34019221970100""]",ff2be1c3a208460da605fca9e6e3e016,,Carroll,,,,
40.71346963,-80.94391717,"[""34019222110000"", ""34019222110000"", ""34019222530000""]",f61a0c04c24f4c62bbb783b1a521b05d,,Carroll,,,,
40.62238136,-80.90576844,"[""34019222120100"", ""34019222120100"", ""34019225880000"", ""34019222460000"", ""34019225870000""]",af9a9f76ab4d48d8992a2a793c1c7112,,Carroll,,,,
40.4481152,-81.2295012,"[""34019222140100"", ""34019222140100""]",2e754a9bd0d04e86b549b2a33491d6ee,,Carroll,,,,
40.4390064,-80.9752627,"[""34019222160000"", ""34019222160000""]",60d7c8b6080b4dfbb5801b888ce63aeb,,Carroll,,,,
40.713489,-81.00483526,"[""34019222200000"", ""34019222200000"", ""34019222450000"", ""34019222210000"", ""34019222470000""]",ad4e82bd6d6a40bf92ea8b1d07aa00bd,,Carroll,,,,
40.49770643,-81.07964794,"[""34019222250000"", ""34019222250000"", ""34019222280000"", ""34019222260000"", ""34019222270000"", ""34019222300000"", ""34019222290000""]",6f8e95f64f564d298576702295e177f8,,Carroll,,,,
40.6335076,-81.2513699,"[""34019222310000"", ""34019222310000""]",cea5aa5853a345f9a9ab5bb83b70b192,,Carroll,,,,
40.44080903,-81.02293139,"[""34019222360000"", ""34019222360000"", ""34019222410000"", ""34019222660000"", ""34019222650000"", ""34019222400000"", ""34019222640000""]",45eacac4b3724c8a9a3033655795b22b,,Carroll,,,,
40.47690021,-80.98419607,"[""34019222370000"", ""34019222370000"", ""34019222500000"", ""34019222690000"", ""34019222680000"", ""34019222670000"", ""34019222700000""]",dcec088615a84940945d52f323d2311a,,Carroll,,,,
40.71402688,-80.93335057,"[""34019222490000"", ""34019222490000"", ""34019225950000"", ""34019222540000""]",1d2776c486f94557bae7879356c7c22e,,Carroll,,,,
40.58064733,-80.99046233,"[""34019222510000"", ""34019222510000"", ""34019222520000"", ""34019222860000""]",a4d9c19423624ec3a4ead0f1cd7dd571,,Carroll,,,,
40.46947671,-81.00543061,"[""34019222550000"", ""34019222550000"", ""34019224460000"", ""34019222560000"", ""34019224450000"", ""34019222570000"", ""34019224280000""]",e0c6c763e73b46d0b3cf81937991a620,,Carroll,,,,
40.50346094,-80.99161941,"[""34019222590000"", ""34019222590000"", ""34019222820000"", ""34019222830000"", ""34019222800000"", ""34019222790000"", ""34019222810000""]",82d06401eb124fb4b4f4852531e9df54,,Carroll,,,,
40.57366715,-80.97200507,"[""34019222600000"", ""34019222600000"", ""34019223040000"", ""34019222900000""]",69276bb4a9c94b4b9ff313d128b8a1ba,,Carroll,,,,
40.47341739,-80.96971801,"[""34019222720000"", ""34019222720000"", ""34019222740000"", ""34019222780000"", ""34019222750000"", ""34019222760000"", ""34019222730000""]",ae86926ce6cd435380b9daaba863ed45,,Carroll,,,,
40.71907567,-80.9954571,"[""34019222770000"", ""34019222770000"", ""34019223310000""]",a4614100c15e413bb0a011d4afaa738d,,Carroll,,,,
40.63021407,-81.0504307,"[""34019222840000"", ""34019222840000"", ""34019222850000""]",245078fc16fa48e78305b70a79972d0d,,Carroll,,,,
40.7144207,-80.9775259,"[""34019222870000"", ""34019222870000"", ""34019222880000""]",d81b1439868742cd9f48c329023aae23,,Carroll,,,,
40.55402602,-81.1347107,"[""34019222940000"", ""34019222940000"", ""34019223480000"", ""34019223400000"", ""34019223410000""]",24a545fdd6c14e88b8d2e6e4130089dd,,Carroll,,,,
40.53059981,-81.07674654,"[""34019222950000"", ""34019222950000"", ""34019222990000"", ""34019222970000"", ""34019222980000"", ""34019222960000"", ""34019223000000""]",12536fa21cf64a23ac00db4e962c1dbe,,Carroll,,,,
40.45206444,-81.11151004,"[""34019223030000"", ""34019223030000"", ""34019223070000"", ""34019223060000"", ""34019223080000"", ""34019223090000"", ""34019223050000""]",9b70e07886ff4a4ea8c69f08fd611262,,Carroll,,,,
40.5110294,-80.9257643,"[""34019223190000"", ""34019223190000""]",b69c4fd1ca234ad7b76eec7676985310,,Carroll,,,,
40.4706379,-80.9501454,"[""34019223210000"", ""34019223210000""]",5a2a841e388641f2a90dcdfef2089af7,,Carroll,,,,
40.61933818,-80.93724012,"[""34019223230000"", ""34019223230000"", ""34019223250000"", ""34019223260000""]",372674b0c3d64672b96ac30156bd50c7,,Carroll,,,,
40.44174495,-80.9941355,"[""34019223280000"", ""34019223280000"", ""34019223290000"", ""34019223300000""]",e344552886db4fb1ba8e7b9d7f0062ab,,Carroll,,,,
40.67164073,-80.98343553,"[""34019223490000"", ""34019223490000"", ""34019223680000""]",ee3f5bd8c26647e4be1ec12c5c96a1b6,,Carroll,,,,
40.517017,-80.98472786,"[""34019223500000"", ""34019223500000"", ""34019223510000"", ""34019223550000"", ""34019223520000"", ""34019223540000"", ""34019223570000"", ""34019223530000""]",b08c2d6bf91543f8b797689518285154,,Carroll,,,,
40.59074223,-80.9369622,"[""34019223720000"", ""34019223720000"", ""34019224560000""]",efa34b4ea8774f01b5744723be4f345b,,Carroll,,,,
40.47713067,-81.07711952,"[""34019223730000"", ""34019223730000"", ""34019224720000"", ""34019225100000"", ""34019224780000"", ""34019224770000""]",75505e3080fc4fcdad720d30f32143f0,,Carroll,,,,
40.64727842,-80.94822688,"[""34019223740000"", ""34019223740000"", ""34019223750000"", ""34019223760000"", ""34019223790000""]",c455a116bee2486abafae64ffa8234a4,,Carroll,,,,
40.5539342,-80.9448179,"[""34019223800000"", ""34019223800000""]",4aa626a75a654366a0ee3b4b0e46a822,,Carroll,,,,
40.48822123,-80.94034203,"[""34019223890000"", ""34019223890000"", ""34019223900000""]",ffbef3a42de74980b6365b5a12f6071f,,Carroll,,,,
40.49889215,-81.01260302,"[""34019223990000"", ""34019223990000"", ""34019224000000"", ""34019224020000"", ""34019224030000"", ""34019224010000""]",96217233b8844b44836bca377de69fb1,,Carroll,,,,
40.5996828,-80.96953872,"[""34019224040000"", ""34019224040000"", ""34019224170000"", ""34019224140000""]",15f2bf40751c4205bc3b27d1c91e1717,,Carroll,,,,
40.6678513,-80.9906449,"[""34019224050000"", ""34019224050000""]",9b6c441d015045819ad5839fe723f6ab,,Carroll,,,,
40.48353418,-81.03982428,"[""34019224090000"", ""34019224090000"", ""34019224270000"", ""34019224250000"", ""34019224260000""]",e676411bfcfc4da7bf58a62f649ad776,,Carroll,,,,
40.48805237,-80.95099973,"[""34019224180000"", ""34019224180000"", ""34019224470000""]",b1fcfc51d17f47129f6f1b278168afd0,,Carroll,,,,
40.50356493,-81.05204483,"[""34019224190000"", ""34019224190000"", ""34019224220000"", ""34019224890000"", ""34019224230000"", ""34019224200000"", ""34019224240000"", ""34019224880000"", ""34019224210000""]",faf9c66c1ae34e47957319aaa1c6f13c,,Carroll,,,,
40.52074637,-81.0826327,"[""34019224290000"", ""34019224290000"", ""34019224300000"", ""34019224330000"", ""34019224320000"", ""34019224340000"", ""34019224310000""]",785d639a0f864678b02702aedad6c481,,Carroll,,,,
40.6081438,-81.06197617,"[""34019224500100"", ""34019224500100"", ""34019224510000"", ""34019224520000"", ""34019224530000"", ""34019224540000""]",826d1c0c90ca4472ab3d1193ead67702,,Carroll,,,,
40.43518544,-81.06420336,"[""34019224550000"", ""34019224550000"", ""34019225180000"", ""34019224750000"", ""34019225200000"", ""34019224740000"", ""34019225190000""]",ae32847071a442f6ad08cde5d70cc139,,Carroll,,,,
40.6856253,-80.95215623,"[""34019224630000"", ""34019224630000"", ""34019224650000""]",a667174b8b8d4093bca06d2d3475a6e6,,Carroll,,,,
40.6198521,-80.9675322,"[""34019224670000"", ""34019224670000""]",1022c43f2cce4eed8197ab551d8f0a22,,Carroll,,,,
40.65049553,-81.03783795,"[""34019224760000"", ""34019224760000"", ""34019224800000"", ""34019224820000""]",91893f92a1654428b4c4fec47bf05501,,Carroll,,,,
40.60657506,-81.08445573,"[""34019224860100"", ""34019224860100"", ""34019225290000"", ""34019224980000"", ""34019225530000"", ""34019225540000"", ""34019225300000"", ""34019225280000""]",d024b698d25a40ebacb5683c4d5913fc,,Carroll,,,,
40.53938713,-81.04742857,"[""34019224920000"", ""34019224920000"", ""34019224950000"", ""34019224960000""]",10af6882cdc34fc89c30e3e9c1aa31d9,,Carroll,,,,
40.61759983,-80.91782393,"[""34019225040000"", ""34019225040000"", ""34019225060000""]",3cabf80ac6084a678aaa6bf8df4edf64,,Carroll,,,,
40.46619645,-81.0830477,"[""34019225070000"", ""34019225070000"", ""34019225080000"", ""34019225090000""]",87264360239c4f1ba7bd5628adbaec6a,,Carroll,,,,
40.54663044,-80.96594768,"[""34019225210000"", ""34019225210000"", ""34019225220000"", ""34019225270000"", ""34019225240000"", ""34019225250000"", ""34019225230000"", ""34019225260000""]",084c8790e5c446ec9eb741f21363ab99,,Carroll,,,,
40.53762243,-81.05614991,"[""34019225310000"", ""34019225310000"", ""34019225320000"", ""34019225340000"", ""34019225350000"", ""34019225360000"", ""34019225330000""]",6a5c854d9b9541099867000cf89abe47,,Carroll,,,,
40.6698084,-81.0377372,"[""34019225370000"", ""34019225370000"", ""34019225520000""]",a920acd247054ef7a1e04ef7baca1b39,,Carroll,,,,
40.5672307,-81.0584307,"[""34019225390000"", ""34019225390000""]",322bc800a7fc4d7cbd93b06dd95456c2,,Carroll,,,,
40.6616863,-80.93579387,"[""34019225620000"", ""34019225620000"", ""34019225770000"", ""34019225780000""]",e521a8d9c78b4185937e4023fcbed3ac,,Carroll,,,,
40.49568487,-81.05992547,"[""34019225630000"", ""34019225630000"", ""34019225690000"", ""34019225640000"", ""34019225660000"", ""34019225670000"", ""34019225700000"", ""34019225680000"", ""34019225650000""]",53f66f9bf9cf41349216ec8080a00a4d,,Carroll,,,,
40.53382955,-81.06428802,"[""34019225720000"", ""34019225720000"", ""34019225740000"", ""34019225750000"", ""34019225760000"", ""34019225730000""]",5b538e76fc7546db96969836472e70bd,,Carroll,,,,
40.49504284,-81.140008,"[""34019225790000"", ""34019225790000"", ""34019225800000"", ""34019225810000"", ""34019225820000""]",8780041f67c9420b86c6a16c4d122c72,,Carroll,,,,
40.6851172,-80.97905864,"[""34019225890000"", ""34019225890000"", ""34019225920000"", ""34019225900000"", ""34019225910000""]",bb0fa1cc5a7f4799abdf46a6d60ab9fb,,Carroll,,,,
40.59404797,-80.9249725,"[""34019225930000"", ""34019225930000"", ""34019225940000""]",a25d197e4b7e4078ac6add8c0ad27495,,Carroll,,,,
40.67970447,-81.01456523,"[""34019225960000"", ""34019225960000"", ""34019225970000""]",1df8ac2315a24683b06471cd7af2018b,,Carroll,,,,
40.49664575,-81.02975999,"[""34019225990000"", ""34019225990000"", ""34019226000000"", ""34019226040000"", ""34019226030000"", ""34019226020000"", ""34019226050000"", ""34019226010000""]",42da677fc48b4a618387ed5b14de7fae,,Carroll,,,,
40.7311131,-80.5487537,"[""34029216930100"", ""34029216930100""]",85b4bf6deb3949f5ac4f586d347bb227,,Columbiana,,,,
40.8472518,-81.0044579,"[""34029216940100"", ""34029216940100""]",16a17f5e71fb4c6f8c624cd6876e67cd,,Columbiana,,,,
40.7369601,-80.551592,"[""34029216950100"", ""34029216950100""]",7df37640b9694643ae8656e4f211bd12,,Columbiana,,,,
40.65503077,-80.89190507,"[""34029216960000"", ""34029216960000"", ""34029218200000""]",46a5ab7890ff4ba4b94aa186027ead50,,Columbiana,,,,
40.74450745,-81.014219,"[""34029216970100"", ""34029216970100"", ""34029217020000"", ""34029217010000""]",ac803c8b6e8243029b1550c489ec12db,,Columbiana,,,,
40.77973266,-80.94036728,"[""34029216990100"", ""34029216990100"", ""34029217390000"", ""34029217360000"", ""34029217340000""]",4d8a4b85933641feaf3fb2772852535b,,Columbiana,,,,
40.75051006,-80.86453656,"[""34029217000100"", ""34029217000100"", ""34029217190100"", ""34029217310000"", ""34029217280000""]",c424fc8d7765403ea51f7eb16388c0e0,,Columbiana,,,,
40.61403553,-80.7604868,"[""34029217040000"", ""34029217040000"", ""34029217060100"", ""34029217160000""]",3ef140160f2b4afeae08ec523db14a65,,Columbiana,,,,
40.68485583,-80.86348028,"[""34029217050100"", ""34029217050100"", ""34029217110000"", ""34029217100000""]",e3d7d00316724eb09cdb3e14a74f5751,,Columbiana,,,,
40.722368,-80.67299253,"[""34029217070000"", ""34029217070000"", ""34029217240100""]",95c3654b8b5d44f7a525d342c46972dd,,Columbiana,,,,
40.73833033,-80.86846267,"[""34029217080000"", ""34029217080000"", ""34029217150000""]",b9723c329b9743efaf4bcb4dbf5926c1,,Columbiana,,,,
40.7784922,-80.5293838,"[""34029217090100"", ""34029217090100""]",2a57cb976e4d40c48d905b5e1cbd861c,,Columbiana,,,,
40.73226613,-80.90437447,"[""34029217120000"", ""34029217120000"", ""34029217200000""]",8a8b6b217bd442ab9de782301df01eb9,,Columbiana,,,,
40.6861522,-80.70514,"[""34029217130000"", ""34029217130000""]",9755c4227b064afc90ff28b5176b1640,,Columbiana,,,,
40.8563646,-80.8996533,"[""34029217140100"", ""34029217140100""]",3b076efdf8fd49329012178aecf66a80,,Columbiana,,,,
40.749256,-80.692642,"[""34029217170000"", ""34029217170000""]",a9cdcd61d88b452689217f0ec04ca5d9,,Columbiana,,,,
40.8211171,-80.6093435,"[""34029217180100"", ""34029217180100""]",0b8d397065af45c29429f01857af7ed6,,Columbiana,,,,
40.8728208,-80.7406757,"[""34029217210100"", ""34029217210100""]",97d86d9c4cdd4cdebcea7528a151f560,,Columbiana,,,,
40.7537257,-80.9923546,"[""34029217230000"", ""34029217230000""]",a3a34eaebfba4fbf8ed6f4ba13038067,,Columbiana,,,,
40.7505735,-80.7055553,"[""34029217250000"", ""34029217250000""]",a287a3d434a54155a7964396a30f07c4,,Columbiana,,,,
40.7683645,-80.6933308,"[""34029217260000"", ""34029217260000""]",7693ffc9027c4290974ffe134e3ea6e5,,Columbiana,,,,
40.7795677,-80.6086035,"[""34029217270100"", ""34029217270100""]",b3e5bd8854764b96a5d74200e56e6bf4,,Columbiana,,,,
40.79228788,-80.90990213,"[""34029217290100"", ""34029217290100"", ""34029217320000"", ""34029218040100""]",92aaf6165825448d8d5df3ea9a7a4854,,Columbiana,,,,
40.8095677,-80.7382939,"[""34029217300100"", ""34029217300100""]",17ffe3b7336b4865976bc9fee2156cb0,,Columbiana,,,,
40.8710672,-80.988319,"[""34029217330000"", ""34029217330000""]",d3b5e2dcb96248e7b852e575bbd660c9,,Columbiana,,,,
40.7643132,-80.839043,"[""34029217350000"", ""34029217350000""]",99875d6b58444374b3fc831b7e07057e,,Columbiana,,,,
40.8471089,-80.8117614,"[""34029217370000"", ""34029217370000""]",45978004043d49dcb741206ef7090bc1,,Columbiana,,,,
40.804515,-80.6387394,"[""34029217380000"", ""34029217380000""]",962543c908f341adb4256ee4906874f8,,Columbiana,,,,
40.85676,-80.5810583,"[""34029217400000"", ""34029217400000""]",116550c756784f7096ed2ac27085eaba,,Columbiana,,,,
40.8618726,-81.0394001,"[""34029217410000"", ""34029217410000""]",f879798703574402bce02182f0f576a1,,Columbiana,,,,
40.8537683,-80.9585179,"[""34029217420100"", ""34029217420100""]",75aa3cb443ef4e12bf3dd1295b7be64e,,Columbiana,,,,
40.7473667,-80.8309773,"[""34029217430000"", ""34029217430000""]",44d514bb633149008580e5e71c9c1c8d,,Columbiana,,,,
40.7735222,-80.9503377,"[""34029217440000"", ""34029217440000""]",2703fd06fd6a4e41a149dd4125cac0c2,,Columbiana,,,,
40.855346,-80.7745091,"[""34029217470000"", ""34029217470000""]",dd9b2a7f81424dd5bc25512acf59d756,,Columbiana,,,,
40.8100697,-80.8503974,"[""34029217480000"", ""34029217480000""]",25262be4d35a43a3b28c225556a3fb1a,,Columbiana,,,,
40.8482505,-80.6451567,"[""34029217490000"", ""34029217490000""]",dbf73998c9934d1cae1c8b8f881f50a1,,Columbiana,,,,
40.825949,-80.8490588,"[""34029217500000"", ""34029217500000""]",f6deeadf7b364fb5963f200a3e342a10,,Columbiana,,,,
40.8047334,-80.6522532,"[""34029217510000"", ""34029217510000""]",67eca079dd474140bfa829169d2df9d9,,Columbiana,,,,
40.8326756,-80.8278422,"[""34029217520000"", ""34029217520000"", ""34029217560000""]",1e4cd48d4e264570af40de1ffe93d15c,,Columbiana,,,,
40.71701153,-80.86596697,"[""34029217530000"", ""34029217530000"", ""34029217540000""]",5b7e1539368c472f9a5b7ee9f155aa67,,Columbiana,,,,
40.8033682,-80.5721087,"[""34029217550000"", ""34029217550000""]",cb06a2a410704a468926cd8a4cf85c7c,,Columbiana,,,,
40.8607264,-80.74547,"[""34029217570000"", ""34029217570000""]",36cca1bd18b641089fe14ce6dc661d37,,Columbiana,,,,
40.7450995,-80.7168501,"[""34029217580000"", ""34029217580000""]",7107279948914943b50d996123cb3d07,,Columbiana,,,,
40.7849046,-80.8202514,"[""34029217590000"", ""34029217590000""]",53895b3777d14b8b8aa0c9b1834025b8,,Columbiana,,,,
40.831985,-80.76847615,"[""34029217630100"", ""34029217630100"", ""34029218260000"", ""34029218270000""]",d904e03f4e864b51b9e46de0a86011c8,,Columbiana,,,,
40.7141923,-80.8944737,"[""34029217650000"", ""34029217650000""]",a063f7ea747c4c22a62ccd7fc5cb98c3,,Columbiana,,,,
40.76138373,-80.85771873,"[""34029217660000"", ""34029217660000"", ""34029217930000""]",f69b2f02d08c4bb883b1dbeeb936fef8,,Columbiana,,,,
40.6841332,-80.87591443,"[""34029217670000"", ""34029217670000"", ""34029217800000""]",8c08c3831607489891c0b338639f7de0,,Columbiana,,,,
40.7077492,-80.9023497,"[""34029217730000"", ""34029217730000""]",28cd693bcc294b009dd7f4d1f40c487b,,Columbiana,,,,
40.67274835,-80.88405408,"[""34029217740000"", ""34029217740000"", ""34029217790000"", ""34029217750000""]",e9847804d67f4cd78faa972e11cfd060,,Columbiana,,,,
40.6506025,-80.8436995,"[""34029217890000"", ""34029217890000""]",14a20e86486c472baa2ea901a1645841,,Columbiana,,,,
40.6945348,-80.8582101,"[""34029217940000"", ""34029217940000""]",7ed783d5bbeb4a66a40b2016de387eeb,,Columbiana,,,,
40.8914196,-80.795958,"[""34029217990000"", ""34029217990000""]",612e13d5c2094d8ca532e3a5e392f1c8,,Columbiana,,,,
40.74889513,-80.90237647,"[""34029218050000"", ""34029218050000"", ""34029218230000"", ""34029218170000""]",de7054b2e3cf424f830aa0b5c8d6c074,,Columbiana,,,,
40.6285567,-80.7888341,"[""34029218070000"", ""34029218070000""]",0e0e9648b32f428fa5daa177fabaea32,,Columbiana,,,,
40.7054427,-80.8405091,"[""34029218120000"", ""34029218120000""]",952f4dae61384420a7ea70fab54316ac,,Columbiana,,,,
40.68514489,-80.9153668,"[""34029218130000"", ""34029218130000"", ""34029218160000"", ""34029218380000"", ""34029218150000"", ""34029218390000"", ""34029218140000""]",18fc7d504cc1412aa2ae77852e400d89,,Columbiana,,,,
40.74711317,-80.88763783,"[""34029218180000"", ""34029218180000"", ""34029218240000""]",b2f30c143da941009dbd2499e4bf8cf7,,Columbiana,,,,
40.7394107,-80.9610924,"[""34029218220000"", ""34029218220000""]",3de598a0b0924ad0afb07a61e5fea8f0,,Columbiana,,,,
40.87883773,-80.62635165,"[""34029218280100"", ""34029218280100"", ""34029218300000"", ""34029218290000""]",4161b6ad852d45e68d98054977f85113,,Columbiana,,,,
40.7783106,-80.89061233,"[""34029218340000"", ""34029218340000"", ""34029218370000"", ""34029218350000""]",fce0c768378f444e87efb02bb3265a4d,,Columbiana,,,,
40.82166263,-80.872646,"[""34029218440000"", ""34029218440000"", ""34029218460000"", ""34029218450000""]",fe615c46610f499796887208433c7ac1,,Columbiana,,,,
40.745385,-80.9406032,"[""34029218470000"", ""34029218470000""]",c9ab455c9aa04c98a7b74bd4aa7a0948,,Columbiana,,,,
40.1916264,-81.76862343,"[""34031271760100"", ""34031271760100"", ""34031271890100""]",6c088f34158d4f2db918d3cf6d3b89d4,,Coshocton,,,,
40.3825193,-81.8841846,"[""34031271900100"", ""34031271900100""]",611a6d01e1a543f99f4dd629e1d1222b,,Coshocton,,,,
40.2379695,-81.6995911,"[""34031272050100"", ""34031272050100""]",eb22ea46b972459495e7dc2ad5cf834c,,Coshocton,,,,
40.4336994,-81.876028,"[""34031272070100"", ""34031272070100""]",c3ad8b4617e9438baba0a76492dd477d,,Coshocton,,,,
41.4087254,-81.076645,"[""34055221360100"", ""34055221360100""]",24a1e0f35faf486591188bc75770912b,,Geauga,,,,
40.15229728,-81.6383364,"[""34059241830100"", ""34059241830100"", ""34059242130000"", ""34059242320000""]",4e6decc8704943fc934917faa80c250e,,Guernsey,,,,
40.15628913,-81.61801305,"[""34059241840100"", ""34059241840100"", ""34059242330000"", ""34059242290000""]",5f2768eb2058413eb550677c7c409735,,Guernsey,,,,
40.1782102,-81.6178269,"[""34059241860100"", ""34059241860100""]",fa667429b8dc4187981ee927e32b1b98,,Guernsey,,,,
39.87200463,-81.68410695,"[""34059241900100"", ""34059241900100"", ""34059242040000"", ""34059242000000""]",ad71a1d5d5b84073a1aae1e44bb61285,,Guernsey,,,,
40.1107845,-81.3707194,"[""34059242060100"", ""34059242060100""]",4540fe9014e840cf8044932283855882,,Guernsey,,,,
39.99815513,-81.43696065,"[""34059242110100"", ""34059242110100"", ""34059243050000"", ""34059243040000""]",bcbcd4392d0443c0ab8502e3fe4d8899,,Guernsey,,,,
40.123035,-81.6830861,"[""34059242180000"", ""34059242180000""]",e97d54b594944ec4b2064d739ac24b66,,Guernsey,,,,
40.01189323,-81.46489097,"[""34059242190100"", ""34059242190100"", ""34059242360000""]",72c814d60bf64d33bde400d4e6019e46,,Guernsey,,,,
40.14459713,-81.3053944,"[""34059242200000"", ""34059242200000"", ""34059243030000"", ""34059243020000"", ""34059243010000"", ""34059243000000""]",5481abb8934c42b58554cb28a8db04db,,Guernsey,,,,
40.05788136,-81.2669136,"[""34059242210000"", ""34059242210000"", ""34059242350000"", ""34059242340000"", ""34059242500000""]",0d6510179306401cb74010f46f6d177b,,Guernsey,,,,
40.1285689,-81.31111484,"[""34059242230000"", ""34059242230000"", ""34059242900000"", ""34059242890000"", ""34059242230100""]",3a4cab8247644ca49b92b44db8ec5375,,Guernsey,,,,
39.98877593,-81.38658377,"[""34059242240000"", ""34059242240000"", ""34059242930100"", ""34059242920000""]",d418a0de3b194c5184178652b157ec35,,Guernsey,,,,
39.9413178,-81.4200874,"[""34059242250100"", ""34059242250100""]",bfe8246b6d5941bc9a768b8684d1a75c,,Guernsey,,,,
39.9678695,-81.4059633,"[""34059242280100"", ""34059242280100""]",1a47d63a64894b768cd66c54e50f96ef,,Guernsey,,,,
39.9014023,-81.6529686,"[""34059242300100"", ""34059242300100""]",ad8ee028fb534a0ca2c3cd1d17feca2e,,Guernsey,,,,
39.9162424,-81.61051233,"[""34059242380100"", ""34059242380100"", ""34059242640000""]",48e1dbb75f954cd29ffb0d1f7a52952a,,Guernsey,,,,
39.95107123,-81.4346926,"[""34059242420000"", ""34059242420000"", ""34059242440000"", ""34059242430000""]",afab833bf8e347389677c6464268c1fb,,Guernsey,,,,
39.97483832,-81.26940777,"[""34059242520100"", ""34059242520100"", ""34059242540000"", ""34059242560000"", ""34059242530000"", ""34059242550000""]",15f3e60d4cf54f568df25b2a06955cb1,,Guernsey,,,,
39.95591423,-81.39722083,"[""34059242730100"", ""34059242730100"", ""34059244000000"", ""34059243990000"", ""34059243970000"", ""34059243980000""]",a1edb9e8148948cd994914df5e394eea,,Guernsey,,,,
39.92215743,-81.62577255,"[""34059242740100"", ""34059242740100"", ""34059242760100"", ""34059243100100""]",d3297b3d636f4e379fe84a7f69a8b662,,Guernsey,,,,
39.91568183,-81.63280153,"[""34059242800100"", ""34059242800100"", ""34059242850100""]",24b2df8b230c462ebd75d3d551f5789e,,Guernsey,,,,
40.03106533,-81.27896927,"[""34059242960000"", ""34059242960000"", ""34059242970000""]",ab43158ec2604484be8c17de6d30a4c7,,Guernsey,,,,
40.0110367,-81.3135974,"[""34059243060000"", ""34059243060000"", ""34059243080000""]",d42d7b90dfda4442af87cf228c9e3ab5,,Guernsey,,,,
40.1823463,-81.4135378,"[""34059243130100"", ""34059243130100""]",16bf127a6b584eaa9a8945fbac2030e1,,Guernsey,,,,
40.00508505,-81.41149025,"[""34059243140000"", ""34059243140000"", ""34059243350000"", ""34059243340000""]",67166ada50c14cceab1b1130ac2c9446,,Guernsey,,,,
40.02534766,-81.28983038,"[""34059243160000"", ""34059243160000"", ""34059243170000"", ""34059243180000"", ""34059243190000""]",311aa8b868cb48b095d228318bf7ea91,,Guernsey,,,,
39.9548544,-81.37785422,"[""34059243200100"", ""34059243200100"", ""34059244020000"", ""34059244010000""]",ec0fab8c726b45db99e4e7ef95283892,,Guernsey,,,,
39.99739258,-81.33207516,"[""34059243250100"", ""34059243250100"", ""34059243260100"", ""34059243280100"", ""34059243270100""]",567e00a8f512473db5c6b8eccfb05e1c,,Guernsey,,,,
39.98154762,-81.3187843,"[""34059243300100"", ""34059243300100"", ""34059243310100"", ""34059243430000"", ""34059243420000""]",054675f9e0e4466f865cefbe6503b2e6,,Guernsey,,,,
39.97821598,-81.4203961,"[""34059243360000"", ""34059243360000"", ""34059243380000"", ""34059243390000""]",20a5a60861944ea8a2c455d7e30b3a2a,,Guernsey,,,,
40.12751013,-81.34591995,"[""34059243410000"", ""34059243410000"", ""34059243700000"", ""34059243690000""]",44deb906d4944c25bd5945573524276d,,Guernsey,,,,
40.12776443,-81.2963778,"[""34059243440000"", ""34059243440000"", ""34059243910000"", ""34059243920000""]",91d22d9471be4a4eae2644f7397c8934,,Guernsey,,,,
40.14835638,-81.29752738,"[""34059243460000"", ""34059243460000"", ""34059243460100"", ""34059243790000"", ""34059243780000""]",48671edb38e3453dadd84c562c7148fa,,Guernsey,,,,
40.0083428,-81.33345674,"[""34059243470100"", ""34059243470100"", ""34059243480100"", ""34059243490100"", ""34059243500100""]",a8f921adaedb41338e44bd3b3f9b6580,,Guernsey,,,,
39.99162147,-81.2602331,"[""34059243510000"", ""34059243510000"", ""34059243520000"", ""34059243530000"", ""34059243540000"", ""34059243550000"", ""34059243560000""]",3592abaebe8842389b417a9013ab21e5,,Guernsey,,,,
40.03384021,-81.31535826,"[""34059243570100"", ""34059243570100"", ""34059243580100"", ""34059243590100"", ""34059243630000"", ""34059243620000"", ""34059243640000""]",63b2d6e14d4e408590d83108c5ce2a13,,Guernsey,,,,
39.99498538,-81.33870638,"[""34059243650000"", ""34059243650000"", ""34059243670000"", ""34059243660000""]",3a406e6336e0485bba30099a48006366,,Guernsey,,,,
40.05319886,-81.27873766,"[""34059243800000"", ""34059243800000"", ""34059243930000"", ""34059243820100"", ""34059243810100""]",4b436f2a96fe49068ddaa61179104e6b,,Guernsey,,,,
40.05392814,-81.26498616,"[""34059243840100"", ""34059243840100"", ""34059243880100"", ""34059243890100"", ""34059243870100""]",d623cfd37c74489c9f6c676bce0207ff,,Guernsey,,,,
40.1660914,-81.3120345,"[""34059243860000"", ""34059243860000""]",1f871341fe034b24b3ca7d38c0489ae3,,Guernsey,,,,
40.0435367,-81.38120956,"[""34059243900000"", ""34059243900000"", ""34059243940000"", ""34059243950000"", ""34059243960000""]",3e7cdad812f743589284d02579c344e5,,Guernsey,,,,
40.3504123,-81.01956983,"[""34067210570100"", ""34067210570100"", ""34067210670000""]",d81f1b82d9a54cc18b0685d5de343107,,Harrison,,,,
40.3445985,-80.98970827,"[""34067210590000"", ""34067210590000"", ""34067210660000""]",60cce5f641744f11893880b4b3927dfe,,Harrison,,,,
40.1728136,-81.0778414,"[""34067210620100"", ""34067210620100"", ""34067211260000"", ""34067211270000""]",133c075436a04f82b489efc31037dd3e,,Harrison,,,,
40.36195068,-81.12884543,"[""34067210630100"", ""34067210630100"", ""34067210770000"", ""34067210640000""]",7ce53c15740e460b84ba604f9a26c1c5,,Harrison,,,,
40.25830623,-81.21463569,"[""34067210650100"", ""34067210650100"", ""34067211060000"", ""34067210970000"", ""34067210960000"", ""34067211040000"", ""34067211050000""]",42395584907043768bf427fcc349b3eb,,Harrison,,,,
40.35151333,-81.13131233,"[""34067210680000"", ""34067210680000"", ""34067210690000""]",498e777c4ff147d2b374df0c3a3b4a7a,,Harrison,,,,
40.3536629,-81.10815804,"[""34067210700000"", ""34067210700000"", ""34067210860000"", ""34067211030000"", ""34067211020000"", ""34067211110000"", ""34067211120000""]",f022661f55e240adbde9ad579e807bc1,,Harrison,,,,
40.21568754,-81.20100212,"[""34067210710100"", ""34067210710100"", ""34067211150000"", ""34067211250000"", ""34067211400000""]",5f7b58d9013d4f9295e5793a184663ed,,Harrison,,,,
40.18541044,-81.16778946,"[""34067210720100"", ""34067210720100"", ""34067211130000"", ""34067211360000"", ""34067212000000"", ""34067212080000"", ""34067212070000""]",67225d7794d44a528db7d13d43cd6b84,,Harrison,,,,
40.34189633,-81.14305085,"[""34067210730000"", ""34067210730000"", ""34067210760000"", ""34067210930000""]",8485bb30b7f14444a434ea0c4fe8b85b,,Harrison,,,,
40.19609823,-81.06120135,"[""34067210740100"", ""34067210740100"", ""34067211140000"", ""34067211350000""]",0f053a6416cd4bb898ba7ffc8a9a7e8a,,Harrison,,,,
40.2787028,-80.8875862,"[""34067210750000"", ""34067210750000""]",68cadebd33ff48cfa991898759f26229,,Harrison,,,,
40.17341502,-81.22704706,"[""34067210780100"", ""34067210780100"", ""34067211390000"", ""34067211410000"", ""34067211590000""]",0442004101e54532813d75241d3f71a1,,Harrison,,,,
40.406286,-81.03481775,"[""34067210790100"", ""34067210790100"", ""34067210870000"", ""34067210850000""]",5954e59bf29f4a2692fb7c0ff5a15593,,Harrison,,,,
40.40822067,-80.89648923,"[""34067210800000"", ""34067210800000"", ""34067210810000""]",236e495c67c2452c88dcb66b97bd0c2a,,Harrison,,,,
40.28111842,-81.0644502,"[""34067210820100"", ""34067210820100"", ""34067213440000"", ""34067213460000"", ""34067213450000""]",6c2929c36d644f27aa8308e190243e4b,,Harrison,,,,
40.2159638,-80.9144312,"[""34067210830100"", ""34067210830100"", ""34067211280100""]",2826b52b6c9e44a9b8aec87754171132,,Harrison,,,,
40.2464894,-81.30249043,"[""34067210880000"", ""34067210880000"", ""34067211580000"", ""34067211170000""]",069bdfe5be7e40d6909804aca9e34ad1,,Harrison,,,,
40.28849147,-81.28045963,"[""34067210890100"", ""34067210890100"", ""34067210900000""]",2e5b9a18bb2840efbc6aa26d5cf05c7b,,Harrison,,,,
40.40259103,-81.12877358,"[""34067210910100"", ""34067210910100"", ""34067211010000"", ""34067211000000"", ""34067210990000"", ""34067210980000""]",1f95dced1c8240feae6135a82ef8e28c,,Harrison,,,,
40.35054756,-81.07975011,"[""34067210920000"", ""34067210920000"", ""34067212910000"", ""34067212920000"", ""34067211160000"", ""34067211100000"", ""34067211090000""]",555a8961d80f4a8f8cda1d668b952ede,,Harrison,,,,
40.18573933,-81.20465727,"[""34067210940000"", ""34067210940000"", ""34067211180000""]",3dd85ae548f6448db738287782e96604,,Harrison,,,,
40.2771199,-81.2552577,"[""34067211070000"", ""34067211070000""]",e183d648e1f44b3b816aa2ac3d66a780,,Harrison,,,,
40.41768835,-81.05253645,"[""34067211080000"", ""34067211080000"", ""34067212180000"", ""34067212200000""]",930a5842255347da8b851fc23ad24d0b,,Harrison,,,,
40.3786121,-81.0128424,"[""34067211190000"", ""34067211190000"", ""34067211200000"", ""34067211480000""]",cad28e941732405bb3604c827ca22884,,Harrison,,,,
40.34452355,-81.16989183,"[""34067211210000"", ""34067211210000"", ""34067211220000"", ""34067211230000""]",ee5c3b2b98114a4389bd3ddbc3605f8b,,Harrison,,,,
40.35060969,-81.04137867,"[""34067211290000"", ""34067211290000"", ""34067211310000"", ""34067211340000"", ""34067211300000"", ""34067211320000"", ""34067211330000""]",4ea0b01d9c15460097755baab7e0d650,,Harrison,,,,
40.41473153,-81.02462521,"[""34067211420000"", ""34067211420000"", ""34067211440000"", ""34067211470000"", ""34067211450000"", ""34067211460000"", ""34067211430000""]",4c338b48462041d289f6946f9ef0683b,,Harrison,,,,
40.36341603,-80.901849,"[""34067211510000"", ""34067211510000"", ""34067211520000""]",35c8c3da5d9543b58c9909c8176f1038,,Harrison,,,,
40.19060245,-81.18649295,"[""34067211550000"", ""34067211550000"", ""34067211560000"", ""34067211570000""]",f265492fb0fc45679f8261f9a4f89691,,Harrison,,,,
40.3876581,-81.26254633,"[""34067211600000"", ""34067211600000"", ""34067211610100""]",e087b2f9eef14a30b40138ff1a893fdf,,Harrison,,,,
40.1784642,-81.07357178,"[""34067211620000"", ""34067211620000"", ""34067211630000"", ""34067211640000"", ""34067212170000""]",ca27cb8423b64cb2b9bf4d183ee1b2a7,,Harrison,,,,
40.4126918,-80.886026,"[""34067211690000"", ""34067211690000""]",aea4938c30c84fe794c511e6d9116460,,Harrison,,,,
40.38749018,-81.1031891,"[""34067211720000"", ""34067211720000"", ""34067211810000"", ""34067211730000""]",1ac0db6124554866a85251fc3dc6e691,,Harrison,,,,
40.38252638,-81.12869434,"[""34067211740000"", ""34067211740000"", ""34067211790000"", ""34067211750000"", ""34067211770000"", ""34067211780000"", ""34067211760000"", ""34067211800000""]",8b753a19e7b54d78ae903e56a4b84230,,Harrison,,,,
40.22724595,-81.03835403,"[""34067211820000"", ""34067211820000"", ""34067211980000"", ""34067211950000"", ""34067211990000"", ""34067211970000""]",481f8be17783427c95f23550534d5faa,,Harrison,,,,
40.17481994,-81.23990458,"[""34067211840000"", ""34067211840000"", ""34067211870000"", ""34067211860000"", ""34067211850000""]",f0e048037d274c84a9bbf1e2fb4df602,,Harrison,,,,
40.36009564,-81.10227779,"[""34067211880000"", ""34067211880000"", ""34067211930000"", ""34067211890000"", ""34067211920000"", ""34067211910000"", ""34067213600000"", ""34067211900000"", ""34067213610000""]",8412a44aa47449f0840a53515291d21c,,Harrison,,,,
40.42033838,-81.0712532,"[""34067211940000"", ""34067211940000"", ""34067212500000"", ""34067212490000"", ""34067212510000""]",333d3a409d414f0ca770ae3afc897faf,,Harrison,,,,
40.30045626,-80.98823632,"[""34067211960000"", ""34067211960000"", ""34067212110000"", ""34067212130000"", ""34067212120000""]",d187f8ea6392422984c5cb33abfef786,,Harrison,,,,
40.35982828,-81.05970477,"[""34067212010000"", ""34067212010000"", ""34067212010100"", ""34067213250000"", ""34067212060000"", ""34067212040000"", ""34067212030000"", ""34067213240000"", ""34067212050000"", ""34067212020000""]",7c3be2092f4d4dbfbdb3d1f30f336356,,Harrison,,,,
40.20328433,-81.16286207,"[""34067212090000"", ""34067212090000"", ""34067212100000""]",d1f8b4f98c50406a8d2f6ce2085620f0,,Harrison,,,,
40.17915796,-81.0099403,"[""34067212140000"", ""34067212140000"", ""34067212150000"", ""34067212160000"", ""34067212190000""]",5054e3f15f5f4bcba4cd2a8d14381aa5,,Harrison,,,,
40.378683,-81.13995122,"[""34067212210000"", ""34067212210000"", ""34067212230000"", ""34067212220000""]",87ec3641edb24add82d7a9079b5880f7,,Harrison,,,,
40.3819217,-80.98247585,"[""34067212340000"", ""34067212340000"", ""34067212430000"", ""34067212390000""]",7faf6270877b4e33b07c7b95f504d7ad,,Harrison,,,,
40.22457795,-81.29986845,"[""34067212350100"", ""34067212350100"", ""34067212380000"", ""34067212370000""]",208e4f294e78480ba906ef0c33b87c7f,,Harrison,,,,
40.33216082,-81.11678345,"[""34067212440100"", ""34067212440100"", ""34067212450100"", ""34067212460100"", ""34067212480100"", ""34067212470100""]",30369e97264a41b58fbaac2622195927,,Harrison,,,,
40.30239617,-81.0957714,"[""34067212530000"", ""34067212530000"", ""34067212560000"", ""34067212540000"", ""34067212550000"", ""34067212570000"", ""34067212570100""]",34f29bdbf97148c5b355ab29fe325928,,Harrison,,,,
40.25402207,-81.16757813,"[""34067212590000"", ""34067212590000"", ""34067212660000"", ""34067212640000"", ""34067212650000"", ""34067212670000""]",b262844e518a40a39a0963d94edccfff,,Harrison,,,,
40.19421857,-81.1714412,"[""34067212610000"", ""34067212610000"", ""34067212620000""]",1c082624a5344fb0892976ee6b307be2,,Harrison,,,,
40.2015352,-81.1791978,"[""34067212700000"", ""34067212700000"", ""34067212710000"", ""34067212720000""]",15fc18503da2475fb80d1260b7390fa1,,Harrison,,,,
40.41332196,-81.12441914,"[""34067212730000"", ""34067212730000"", ""34067212740000"", ""34067213220000"", ""34067212750000""]",ae48cfc6b76f4a469e07975ad535a206,,Harrison,,,,
40.22475002,-81.1787132,"[""34067212760000"", ""34067212760000"", ""34067213120000"", ""34067213130000"", ""34067213140000"", ""34067213150000""]",f4ce1b7d19034c729a3022fe423eede1,,Harrison,,,,
40.21015947,-81.20881613,"[""34067212780000"", ""34067212780000"", ""34067212790000""]",da966036d93449fc827f7223341c836b,,Harrison,,,,
40.3544867,-80.96168297,"[""34067212810000"", ""34067212810000"", ""34067212940000""]",c279e6cb767a414cb6f541347e58b21d,,Harrison,,,,
40.31451458,-81.08700762,"[""34067212840000"", ""34067212840000"", ""34067212860000"", ""34067212850000"", ""34067212870000"", ""34067212880000"", ""34067213420000"", ""34067213430000""]",a37dbe15182e4baebab2bd1331a660e4,,Harrison,,,,
40.25911276,-81.15315032,"[""34067212890000"", ""34067212890000"", ""34067213280000"", ""34067213290000"", ""34067213330000"", ""34067213340000"", ""34067213300000"", ""34067213310000"", ""34067213320000"", ""34067213350000""]",3c800eeda82b49cebab607788bbd49ea,,Harrison,,,,
40.42311658,-81.08851635,"[""34067212900000"", ""34067212900000"", ""34067212970000"", ""34067213260000"", ""34067213170000"", ""34067213270000""]",4e7cb010e46a4e1697952fe7fe70c605,,Harrison,,,,
40.42126585,-81.16590712,"[""34067212980000"", ""34067212980000"", ""34067213000000"", ""34067212990000""]",2c151abfbb914ed4bbc095af2d33a00f,,Harrison,,,,
40.22129854,-81.05339394,"[""34067213010000"", ""34067213010000"", ""34067213020000"", ""34067213030000"", ""34067213050000"", ""34067213060000"", ""34067213040000""]",cfd4d8f4eb764b9b957e5614ecea29cc,,Harrison,,,,
40.28347633,-81.0123718,"[""34067213070000"", ""34067213070000"", ""34067213110000"", ""34067213100000"", ""34067213080000"", ""34067213090000""]",2d302d0ad2de44b69c73b40ff14bd994,,Harrison,,,,
40.2307046,-81.02379233,"[""34067213160000"", ""34067213160000"", ""34067213210000"", ""34067213200000"", ""34067213190000"", ""34067213180000""]",e5bf59959be04c09b66bce32bde4352b,,Harrison,,,,
40.36360127,-80.88719097,"[""34067213380000"", ""34067213380000"", ""34067213400000""]",c7e3b1b8e0c440bebe51f89f7dc1a62d,,Harrison,,,,
40.43110421,-81.14204991,"[""34067213500000"", ""34067213500000"", ""34067213510000"", ""34067213520000"", ""34067213530000"", ""34067213550000"", ""34067213540000""]",fe4f6a7ce88448dc81d0aaf0bdc2b739,,Harrison,,,,
40.4169185,-81.10180524,"[""34067213560000"", ""34067213560000"", ""34067213570000"", ""34067213580000"", ""34067213590000""]",53dcdfd44a064d93b68919fb56404caf,,Harrison,,,,
40.61017,-81.8795075,"[""34075255890100"", ""34075255890100""]",34e6a650eb5049e3bd8fc44b50292b72,,Holmes,,,,
40.6536716,-81.8428981,"[""34075255900100"", ""34075255900100""]",b505e93e178242bdadb43e91ff1f53e1,,Holmes,,,,
40.5735099,-81.6824747,"[""34075255910000"", ""34075255910000""]",8ab676c680344e5599f005fd174526c6,,Holmes,,,,
40.3182887,-80.7751319,"[""34081205030000"", ""34081205030000""]",9399b3db20444b6f9e5f2a57542011ef,,Jefferson,,,,
40.30199,-80.8048301,"[""34081205040000"", ""34081205040000""]",abbfff1ce41a41c9abbd9ea250a7a3ce,,Jefferson,,,,
40.5613774,-80.7406708,"[""34081205050100"", ""34081205050100""]",7b2d9b1df18f426c8fe4de205ba7b781,,Jefferson,,,,
40.54741705,-80.85692485,"[""34081205070100"", ""34081205070100"", ""34081205420000"", ""34081205320000""]",eada9d04eb604c22a9e87445d4be1e41,,Jefferson,,,,
40.5078423,-80.79266462,"[""34081205080100"", ""34081205080100"", ""34081205090000"", ""34081205150000"", ""34081205160000""]",a0266ff56311484990325c5774f33366,,Jefferson,,,,
40.44148073,-80.76114993,"[""34081205100000"", ""34081205100000"", ""34081205130100""]",f858200416e34134ae1f886220e6ae46,,Jefferson,,,,
40.46616288,-80.90922462,"[""34081205120100"", ""34081205120100"", ""34081205270000"", ""34081205170000""]",4c378a2469514b578d9945a0b38e1710,,Jefferson,,,,
40.52063948,-80.91696538,"[""34081205140000"", ""34081205140000"", ""34081205250000"", ""34081205200000""]",93411b2a86894f569ff1ab722f2c1e18,,Jefferson,,,,
40.4263304,-80.84560307,"[""34081205180100"", ""34081205180100"", ""34081205210000""]",b750f9838dd84fe9be805b367d5f77b3,,Jefferson,,,,
40.4364972,-80.81424453,"[""34081205190000"", ""34081205190000"", ""34081205260000""]",d2c67589b8b94e5a9d3b415e37b25ad8,,Jefferson,,,,
40.3095164,-80.7065245,"[""34081205280100"", ""34081205280100"", ""34081205460000"", ""34081205390000""]",7133ff95c958406fbe7bab6df772b0fc,,Jefferson,,,,
40.52522357,-80.80273283,"[""34081205300000"", ""34081205300000"", ""34081205330000""]",6c6b04f4a55145099cec9ac7fb2544f4,,Jefferson,,,,
40.3904077,-80.7517666,"[""34081205310100"", ""34081205310100""]",27dc85afe358429d9070cc54a1ac5663,,Jefferson,,,,
40.26476,-80.6857414,"[""34081205350100"", ""34081205350100""]",839e09d063cf45d5a9bad68da829dc67,,Jefferson,,,,
40.2055792,-80.7265511,"[""34081205360100"", ""34081205360100""]",d3863ae3935c45beaca83cd7078cbe1e,,Jefferson,,,,
40.44442663,-80.93363697,"[""34081205370000"", ""34081205370000"", ""34081205410000""]",87d93630f3e14356ad03c1d6cbbc5699,,Jefferson,,,,
40.44497333,-80.92104163,"[""34081205380000"", ""34081205380000"", ""34081205400000""]",4560ce140a0b4e9ba2402f0fa9be7656,,Jefferson,,,,
40.2362097,-80.8413634,"[""34081205430000"", ""34081205430000""]",5a9138f4df444bef80efbff5aa7a4e54,,Jefferson,,,,
40.43530273,-80.9384357,"[""34081205440000"", ""34081205440000"", ""34081205450000""]",b7881e5cde854d249e9fddeaeecfcec9,,Jefferson,,,,
40.40637863,-80.6992588,"[""34081205480000"", ""34081205480000"", ""34081205490000""]",4409037a662242c08fc9fd2d2128ee4f,,Jefferson,,,,
40.4302876,-80.86057553,"[""34081205500000"", ""34081205500000"", ""34081205530000""]",0ca9f00a16874153888bc876a4b5ac8d,,Jefferson,,,,
40.4362875,-80.841151,"[""34081205510000"", ""34081205510000""]",4e19cee78a0c4f1ba5ba6c377452083e,,Jefferson,,,,
40.2460243,-82.4643842,"[""34083245540100"", ""34083245540100""]",9018f8b64ce24b1e9f19546670f03eb4,,Knox,,,,
40.2627267,-82.4164326,"[""34083245550000"", ""34083245550000""]",9bbf0c9f9db247d99281d64c718bde06,,Knox,,,,
41.1212229,-80.9272477,"[""34099231350100"", ""34099231350100""]",7569471c115b4873960284cc39cb179f,,Mahoning,,,,
40.97747694,-80.92903616,"[""34099231590100"", ""34099231590100"", ""34099231730000"", ""34099231760000"", ""34099231700100""]",c06df0b5e7f14b6d89904fbea93554c3,,Mahoning,,,,
40.967187,-80.9335021,"[""34099231640100"", ""34099231640100""]",d77e10fa08044cc5946ad7821b53ba00,,Mahoning,,,,
40.9825114,-80.9585253,"[""34099231650000"", ""34099231650000""]",3ec3497902c349f2856a30af9dee8fd4,,Mahoning,,,,
40.9934928,-80.8243909,"[""34099231720100"", ""34099231720100""]",42933895b7524eeea73b7eb2f0d5398f,,Mahoning,,,,
40.96364903,-80.84671237,"[""34099231740100"", ""34099231740100"", ""34099231800100""]",9fc7cc3219d14f82a25d532e96e9bd76,,Mahoning,,,,
40.9661205,-80.9684684,"[""34099231750000"", ""34099231750000""]",78c094d4790143c3bd00cd15c8634f0c,,Mahoning,,,,
40.9170487,-80.7407951,"[""34099231810100"", ""34099231810100""]",cf5932f6db07420f98c14e5faaa5abe4,,Mahoning,,,,
41.07431207,-80.88259567,"[""34099231820100"", ""34099231820100"", ""34099231840000""]",da0d0ddeccfd4c769c81ee6ba09c4b7d,,Mahoning,,,,
41.01272516,-80.54335761,"[""34099231850100"", ""34099231850100"", ""34099231890000"", ""34099231850200"", ""34099231900000"", ""34099231940000"", ""34099231930000"", ""34099231950000""]",0adc282c88b24f30a225c0319201629a,,Mahoning,,,,
41.1120575,-80.8972061,"[""34099231880000"", ""34099231880000""]",7ff1c86f2e2f413fa95ff35c922ce9a3,,Mahoning,,,,
41.01363799,-80.5364022,"[""34099231920000"", ""34099231920000"", ""34099231960000"", ""34099232000000"", ""34099231970000"", ""34099231980000"", ""34099231990000""]",c1c2997636cc4750b4a3c0cbf094280d,,Mahoning,,,,
41.0905926,-80.83175937,"[""34099232010100"", ""34099232010100"", ""34099232020000""]",68d39bc82fec47eaaf703e78491fd0bc,,Mahoning,,,,
41.0604449,-82.0375793,"[""34103250370100"", ""34103250370100""]",3a4a6fa6468346cc854363821d674ea8,,Medina,,,,
39.66068998,-81.20043083,"[""34111243020100"", ""34111243020100"", ""34111243020300"", ""34111243020200"", ""34111243300000"", ""34111243210000"", ""34111243130000"", ""34111243220000"", ""34111243120000"", ""34111243270000""]",7a791bbb466d46dabe16b23464581039,,Monroe,,,,
39.67640739,-81.20085339,"[""34111243200000"", ""34111243200000"", ""34111243290000"", ""34111243280000"", ""34111243260000"", ""34111243250000"", ""34111243240000""]",cd761bf591f74830b6b72bec873ca2b2,,Monroe,,,,
39.83284756,-81.3021799,"[""34111243310100"", ""34111243310100"", ""34111243700000"", ""34111243690000"", ""34111244440000"", ""34111244450000"", ""34111244460000"", ""34111244840000""]",6b4b0f4e90bb4234b62d1182140bbef2,,Monroe,,,,
39.70736662,-81.25007848,"[""34111243530100"", ""34111243530100"", ""34111244680000"", ""34111244670000"", ""34111244690000""]",e0c54e4b3b6f499dadad42d6d668059c,,Monroe,,,,
39.67625626,-81.18874514,"[""34111243550000"", ""34111243550000"", ""34111244270000"", ""34111244280000"", ""34111244320000"", ""34111244170000"", ""34111244310000"", ""34111244290000"", ""34111244300000""]",6e3510f3470d41638c0960a543a3ab44,,Monroe,,,,
39.6770537,-81.0260224,"[""34111243610100"", ""34111243610100""]",281eb5eedd7a4d21a5055cf6f2156989,,Monroe,,,,
39.81822316,-81.30430147,"[""34111243620000"", ""34111243620000"", ""34111244120000"", ""34111243630000"", ""34111243740000"", ""34111243750000"", ""34111244130000""]",76027639fce4461e9a43e511fb0ee948,,Monroe,,,,
39.8226549,-80.8505975,"[""34111243650100"", ""34111243650100""]",0b27096cff514685a26402dc6eaf91c0,,Monroe,,,,
39.7803264,-81.1303353,"[""34111243710100"", ""34111243710100""]",badb995bd6ab43b5928330fd55d39418,,Monroe,,,,
39.64183241,-80.92733708,"[""34111243730000"", ""34111243730000"", ""34111243830000"", ""34111243850100"", ""34111243870000"", ""34111243860000"", ""34111243840000"", ""34111243890000"", ""34111243880000""]",840ee49ec0214ec5b999cb094c34e250,,Monroe,,,,
39.64564355,-80.96636198,"[""34111244010100"", ""34111244010100"", ""34111244030000"", ""34111244080000"", ""34111244070000"", ""34111244060000""]",639c22b12a0743cc922ffd77af3da6cd,,Monroe,,,,
39.6747193,-81.2457808,"[""34111244050000"", ""34111244050000"", ""34111244110000"", ""34111244090000"", ""34111244140100""]",c2c528bfd60f4e13bf70a056114d7777,,Monroe,,,,
39.79845408,-80.87864847,"[""34111244150000"", ""34111244150000"", ""34111244150100"", ""34111244160000""]",c04f8f32e9bd49a7a1d6b9ca1bb41a86,,Monroe,,,,
39.82665414,-81.28479332,"[""34111244230000"", ""34111244230000"", ""34111244240000"", ""34111244260000"", ""34111244470000""]",5b0d4d4073e246108b1e0b9935703d0b,,Monroe,,,,
39.6365953,-81.0580097,"[""34111244370100"", ""34111244370100""]",2f523620854445878641ddd0289f8af5,,Monroe,,,,
39.69763163,-80.8990465,"[""34111244400100"", ""34111244400100"", ""34111244630100""]",f50b9716c77f49debdc6ba2f713e5167,,Monroe,,,,
39.84910815,-81.28691217,"[""34111244480000"", ""34111244480000"", ""34111244490000"", ""34111244520000""]",d7704f3a131142c1a938fb3d244a45c5,,Monroe,,,,
39.8313558,-80.9139713,"[""34111244500100"", ""34111244500100"", ""34111244510000"", ""34111244510100""]",b199b3d24d614be1ac756fde1ff3e69d,,Monroe,,,,
39.71326768,-80.85800706,"[""34111244560000"", ""34111244560000"", ""34111244570000"", ""34111244580000"", ""34111244590000""]",9f5d7eada65c461582affc522b581f38,,Monroe,,,,
39.7387516,-80.9085048,"[""34111244620100"", ""34111244620100""]",fe5bfa7676d44c44a0b2ec2ec13949cb,,Monroe,,,,
39.6728148,-81.0853795,"[""34111244710100"", ""34111244710100""]",b58cdf3a41224b58b54e882d512de08a,,Monroe,,,,
39.7897074,-81.05919455,"[""34111244720100"", ""34111244720100"", ""34111244730000"", ""34111244790000""]",664f104a5f214cd6b8bc2a5e3606e0e1,,Monroe,,,,
39.84382732,-81.03193148,"[""34111244740000"", ""34111244740000"", ""34111244770000"", ""34111244780000"", ""34111244760000""]",82822e236ff044fd8c6e2d4867b57dc5,,Monroe,,,,
39.83703854,-81.05610618,"[""34111244800000"", ""34111244800000"", ""34111244810000"", ""34111244820000"", ""34111244830000""]",081070eb0ed2467d8e9d99eef9f370c5,,Monroe,,,,
39.84045476,-81.0468344,"[""34111244850000"", ""34111244850000"", ""34111244860000"", ""34111244870000"", ""34111244880000""]",49e9be1e55b540b792e30e756572f2be,,Monroe,,,,
39.79626284,-81.04311148,"[""34111244950000"", ""34111244950000"", ""34111244980000"", ""34111244960000"", ""34111244970000""]",bcc5df8179a04a11bf56754fb0e9a1bc,,Monroe,,,,
39.6775416,-81.1701233,"[""34111244990000"", ""34111244990000""]",fee28ff9583e4538b30ffbe3dd0ccb93,,Monroe,,,,
39.7031034,-81.1828977,"[""34111245000000"", ""34111245000000""]",e698f0c8b2ef4e6292a07c4e67c36ff3,,Monroe,,,,
39.60922988,-81.66708138,"[""34115246830000"", ""34115246830000"", ""34115246840000"", ""34115246850000""]",75715c783d6a4213aaa09fe87cffbba2,,Morgan,,,,
39.8011515,-81.7169869,"[""34119287450100"", ""34119287450100""]",40f9915f79ed422c901285207a920952,,Muskingum,,,,
39.8215655,-81.7585726,"[""34119287490100"", ""34119287490100""]",b868e067ed9d45bda2bd927b9832e365,,Muskingum,,,,
40.0634144,-81.9513114,"[""34119287580100"", ""34119287580100""]",1a809df82b8d43a0956aa7418c633887,,Muskingum,,,,
39.7519767,-81.342807,"[""34121243420000"", ""34121243420000"", ""34121243420100""]",ee270f1381014dd484f8974562282271,,Noble,,,,
39.85445165,-81.4535206,"[""34121243460100"", ""34121243460100"", ""34121243460200"", ""34121244100000""]",e46cd3fa8ffe46008be07079a97510bc,,Noble,,,,
39.77978647,-81.6569367,"[""34121243470100"", ""34121243470100"", ""34121243500100""]",95720954083a499891d6fdb70a3613c8,,Noble,,,,
39.7219372,-81.6100472,"[""34121243480100"", ""34121243480100""]",57069f5cef2b454a8bb48e562dccc5fd,,Noble,,,,
39.6646233,-81.5376218,"[""34121243490100"", ""34121243490100""]",ef103bb63f5b48a6828373a0cc10c486,,Noble,,,,
39.94620315,-81.28719442,"[""34121243630100"", ""34121243630100"", ""34121243640100"", ""34121243650000""]",17d62665e44849a4b15011cc6a8f8738,,Noble,,,,
39.8713781,-81.5201151,"[""34121243660100"", ""34121243660100""]",57871848b57c4a80a6f050f06b0cf063,,Noble,,,,
39.84824,-81.39832557,"[""34121243670100"", ""34121243670100"", ""34121244740000""]",f0478a0e6b9f44dfaabcbc4c615bac89,,Noble,,,,
39.86805816,-81.42246631,"[""34121243800000"", ""34121243800000"", ""34121243890000"", ""34121243870000"", ""34121244000000"", ""34121244290000"", ""34121244270000""]",08497389a07c475f9be7978408927e96,,Noble,,,,
39.7215747,-81.500615,"[""34121243900000"", ""34121243900000""]",b9e8d5e3c9b84d36a43bc23eb6a5cbe3,,Noble,,,,
39.73769306,-81.4181324,"[""34121243910100"", ""34121243910100"", ""34121243990000"", ""34121244050000"", ""34121243980100""]",5c02551308da4e329a4c7628fdf7573c,,Noble,,,,
39.7457344,-81.41422982,"[""34121243930000"", ""34121243930000"", ""34121243940100"", ""34121244030000""]",26817cf032a942b6ba77d135b4fb1b9d,,Noble,,,,
39.8283935,-81.4576065,"[""34121243950000"", ""34121243950000""]",3c8edacdb3774a8bb9366454c89a83ca,,Noble,,,,
39.83748703,-81.38066947,"[""34121243960100"", ""34121243960100"", ""34121244130000"", ""34121244140000""]",4108912742984539a11b00138bff4be9,,Noble,,,,
39.90797028,-81.32492791,"[""34121244040000"", ""34121244040000"", ""34121244980000"", ""34121244960000"", ""34121244970000"", ""34121244990000"", ""34121245000000"", ""34121245020000"", ""34121245030000""]",ec9289a6ea2c4f008a6a65d38c8a33da,,Noble,,,,
39.86405671,-81.43097457,"[""34121244070000"", ""34121244070000"", ""34121244090000"", ""34121244710000"", ""34121244080000"", ""34121244720000"", ""34121244280000""]",48f6730282d74b3996cc4594913da20e,,Noble,,,,
39.86190626,-81.44109138,"[""34121244110000"", ""34121244110000"", ""34121244120000"", ""34121244750000"", ""34121244760000""]",5d95ae17d2ba4d628aa38b5a61b344d3,,Noble,,,,
39.83758703,-81.39314642,"[""34121244150000"", ""34121244150000"", ""34121244190000"", ""34121244160000"", ""34121244170000"", ""34121244180100""]",5742de9fd62c4afcb963c1a3aee56ef7,,Noble,,,,
39.8824372,-81.4229471,"[""34121244230000"", ""34121244230000"", ""34121244240000"", ""34121244250000""]",a91e2dae42744386b527f7776cc28c8b,,Noble,,,,
39.88392953,-81.3932263,"[""34121244310000"", ""34121244310000"", ""34121244320000"", ""34121244330000"", ""34121244540000"", ""34121244550000""]",c87a03c8109640f0a1e9f04c6b9487d5,,Noble,,,,
39.9135309,-81.31460497,"[""34121244350000"", ""34121244350000"", ""34121244360000"", ""34121244370000"", ""34121244850000"", ""34121244860000"", ""34121244870000"", ""34121244940000""]",ab5bdd2cf91e4ef98064aeb1d45e3bd5,,Noble,,,,
39.85814297,-81.44596953,"[""34121244380000"", ""34121244380000"", ""34121244390000""]",58775304fb1447bc89c9891f74619cf5,,Noble,,,,
39.7930548,-81.41725188,"[""34121244410000"", ""34121244410000"", ""34121244420000"", ""34121244440000"", ""34121244430000""]",bea62a773d244e08af2c1104d728cd91,,Noble,,,,
39.81942887,-81.3955499,"[""34121244480000"", ""34121244480000"", ""34121244530000""]",b1ea71972c644dbb9eef5cee4f04669c,,Noble,,,,
39.88127447,-81.40445537,"[""34121244490000"", ""34121244490000"", ""34121244500000""]",d4ac077749b949b0b7221a37920c0f0d,,Noble,,,,
39.83390283,-81.4474464,"[""34121244580000"", ""34121244580000"", ""34121244590000"", ""34121244600000""]",f37dab9c6b83418f921bd85bf185319d,,Noble,,,,
39.82271962,-81.3188598,"[""34121244620000"", ""34121244620000"", ""34121244630000"", ""34121244640000"", ""34121244670000""]",8d0e466cd6f2436794ab3f814fddeafd,,Noble,,,,
39.87982617,-81.40871623,"[""34121244650000"", ""34121244650000"", ""34121244660000""]",2ec9431b573941caae2b3fa191975d3a,,Noble,,,,
39.7750718,-81.3237116,"[""34121244700100"", ""34121244700100""]",cf950dcc3bde45a7af30fd1e3d2cdd1d,,Noble,,,,
39.81829717,-81.32941068,"[""34121244770000"", ""34121244770000"", ""34121244780000"", ""34121244930000"", ""34121244820000"", ""34121244810000""]",67d210f2f2654e0eb2dddc4f3e110b85,,Noble,,,,
39.93588822,-81.31633033,"[""34121244830000"", ""34121244830000"", ""34121244840000"", ""34121244890000"", ""34121244880000"", ""34121244950000""]",569ac189b7c2425aab5a8c9d40b34d6b,,Noble,,,,
39.90210454,-81.33118156,"[""34121244920000"", ""34121244920000"", ""34121245110000"", ""34121245120000"", ""34121245130000"", ""34121245050000"", ""34121245060000"", ""34121245070000""]",ebdcf888825d424e9f2b2a63895e2851,,Noble,,,,
39.75804853,-81.3921402,"[""34121245080000"", ""34121245080000"", ""34121245090000"", ""34121245100000""]",54d3039fea6340abb6e22da297911333,,Noble,,,,
40.99496297,-81.33677637,"[""34133244140100"", ""34133244140100"", ""34133244200100""]",bbf9f76ea9f8415b95cc4a231d36d335,,Portage,,,,
41.12121903,-81.06526057,"[""34133244170100"", ""34133244170100"", ""34133244280100""]",35ef2686429946dba0c4bf708a02690b,,Portage,,,,
41.2196214,-81.17031747,"[""34133244230100"", ""34133244230100"", ""34133244310000""]",6e80435a553f485c85b2b559dc3c4505,,Portage,,,,
41.1029922,-81.2567818,"[""34133244300100"", ""34133244300100""]",38d4f9d93e5c4da4b0673e82913516a5,,Portage,,,,
41.3217826,-81.1279002,"[""34133244390000"", ""34133244390000""]",9ceaaa66aa384f0ba71329b344c58885,,Portage,,,,
41.26996853,-81.0280687,"[""34133244400100"", ""34133244400100"", ""34133244410000""]",c980937aebcf4872b9e7cf37b1d1df94,,Portage,,,,
41.2762496,-81.01319002,"[""34133244430000"", ""34133244430000"", ""34133244440000"", ""34133244530000"", ""34133244460000"", ""34133244450100""]",8e17905944a64a0aa0563815069e5432,,Portage,,,,
40.9494315,-81.1892723,"[""34151257350000"", ""34151257350000""]",2e01db3b4fdf4291ab439fd6ed23ac9b,,Stark,,,,
40.7405779,-81.28330013,"[""34151257470100"", ""34151257470100"", ""34151257760000""]",ee9e94a0c0fb4e51951e557a30bdaedb,,Stark,,,,
40.8688456,-81.1667266,"[""34151257670100"", ""34151257670100""]",00418e1a67cc4860ac7608dffb581254,,Stark,,,,
40.7295289,-81.4537305,"[""34151257680100"", ""34151257680100""]",353731fb37104b529ac707d6eff652c0,,Stark,,,,
40.7226566,-81.3127182,"[""34151257730000"", ""34151257730000""]",d757ea69b77f42e0896221f626516bfc,,Stark,,,,
40.80181417,-81.1336712,"[""34151257740100"", ""34151257740100"", ""34151257800000""]",2faf63a1f3104e3b9af0d671269c94c3,,Stark,,,,
40.936313,-81.1567369,"[""34151257780000"", ""34151257780000""]",8b11957b9fbe45c7a2f720086dc3f386,,Stark,,,,
40.6625295,-81.5005189,"[""34151257790100"", ""34151257790100""]",372cb498cbbe4a10a213c361de5eb25b,,Stark,,,,
40.7658878,-81.095987,"[""34151257980000"", ""34151257980000""]",1227fd1eb126404e8fc42436f0ad150e,,Stark,,,,
40.9871366,-81.2399394,"[""34151258010000"", ""34151258010000""]",3e9bb6abb70f402a80fcd3e8b9827ac8,,Stark,,,,
40.6759309,-81.3865038,"[""34151258090000"", ""34151258090000""]",8236edf72b534d02953bf6e37d193f7a,,Stark,,,,
41.2324574,-80.6258407,"[""34155240560100"", ""34155240560100""]",3733fc14301345ec9733e6907b921905,,Trumbull,,,,
41.3478145,-80.5538053,"[""34155240570100"", ""34155240570100""]",b3b23d09bf17484eb5943c042ceff339,,Trumbull,,,,
41.17624708,-80.81234138,"[""34155240640100"", ""34155240640100"", ""34155240810000"", ""34155240800000"", ""34155240830000"", ""34155240820000""]",1be48ad8c0b84536b5dd933aca9c5270,,Trumbull,,,,
41.3549216,-80.6584488,"[""34155240660100"", ""34155240660100""]",a671e7ff08c343c6b30e1fc691789412,,Trumbull,,,,
41.3142807,-80.584906,"[""34155240680000"", ""34155240680000""]",b6f8ff96b80a4af6864ed988b35fa741,,Trumbull,,,,
41.3898399,-80.8088332,"[""34155240690100"", ""34155240690100""]",18a000c9adf943f290270ea15d7c2c86,,Trumbull,,,,
41.2408556,-80.7002641,"[""34155240700100"", ""34155240700100""]",5259688c6a354362ae7f5f91d07aa807,,Trumbull,,,,
41.4082967,-80.5891316,"[""34155240710000"", ""34155240710000""]",072bf623213c4592b4d3dde5c806c060,,Trumbull,,,,
41.2139723,-80.8975211,"[""34155240720000"", ""34155240720000""]",a7765e2b116747bb82fa5a86b8424026,,Trumbull,,,,
41.4119533,-80.731731,"[""34155240730000"", ""34155240730000""]",585b95e3c7814d6295e92c34c7e51bf3,,Trumbull,,,,
41.4132495,-80.6733822,"[""34155240770000"", ""34155240770000""]",521eccbc2cee4ee08bd5794a1cac396f,,Trumbull,,,,
40.5733427,-81.3283402,"[""34157254830100"", ""34157254830100""]",b038256637204494955530889eb096b1,,Tuscarawas,,,,
40.4421179,-81.6594372,"[""34157254850100"", ""34157254850100""]",e8abcba7b1884c41bd828ee02a6af3ba,,Tuscarawas,,,,
40.6168379,-81.6489857,"[""34157254900100"", ""34157254900100""]",e5a0c6b6d6214a6383ae3aa90a11f925,,Tuscarawas,,,,
40.2952882,-81.43614687,"[""34157254940000"", ""34157254940000"", ""34157255100000""]",672bc95c449d493b9ffb3601fb17a47f,,Tuscarawas,,,,
40.540507,-81.3033821,"[""34157254950000"", ""34157254950000""]",752900d2cfb44f1aa7f5695e32e8c6d1,,Tuscarawas,,,,
40.2632236,-81.3957182,"[""34157254960100"", ""34157254960100""]",0f6829eff0af44929c3407b4c764c709,,Tuscarawas,,,,
40.528804,-81.3088774,"[""34157254970000"", ""34157254970000""]",c156c4ed04264e37a098c68911788079,,Tuscarawas,,,,
40.42943413,-81.67350427,"[""34157254990100"", ""34157254990100"", ""34157255020000""]",adc2a0b50cb1472d831265fe74aebed5,,Tuscarawas,,,,
40.4251478,-81.65775475,"[""34157255000100"", ""34157255000100"", ""34157255040000"", ""34157255050000""]",9cbf9e9ebe9d4e4ba6059f7d169f62cb,,Tuscarawas,,,,
40.3338156,-81.2877573,"[""34157255010100"", ""34157255010100""]",05de80d2f03b4021ab9d03ca5e2e203e,,Tuscarawas,,,,
40.3169978,-81.4931587,"[""34157255030100"", ""34157255030100""]",b565032f077b4360bce1ad49f4da51d1,,Tuscarawas,,,,
40.2161506,-81.3932337,"[""34157255080000"", ""34157255080000""]",8dcf26be8d21423a8e1aa0fc06adc7c9,,Tuscarawas,,,,
40.3284752,-81.4851308,"[""34157255120000"", ""34157255120000""]",c5000eb8a5464b0785a8ed8b9563ed79,,Tuscarawas,,,,
39.61889848,-81.41928336,"[""34167297200100"", ""34167297200100"", ""34167297230000"", ""34167297240000"", ""34167297240100""]",437477190c054a74a46ecd6b486d66f6,,Washington,,,,
39.5628031,-81.50704615,"[""34167297210100"", ""34167297210100"", ""34167297290000"", ""34167297300000""]",8bd77d2c8a7743c1b6ef24f103aafc7b,,Washington,,,,
39.53230953,-81.67700427,"[""34167297250000"", ""34167297250000"", ""34167297330000""]",84649a8680f34b878417b96309fd20e2,,Washington,,,,
39.54499593,-81.40107003,"[""34167297320100"", ""34167297320100"", ""34167297430100""]",66eb3a3b60d9478aa6cb91040a801035,,Washington,,,,
40.7291477,-81.836641,"[""34169256690100"", ""34169256690100""]",1c36e023c37d435f8db026e19bcca855,,Wayne,,,,
39.8687727,-80.9201323,"[""34013205830000"", ""34013205830000""]",b6db76a239cb49728651255068f21f30,,Belmont,,,,
40.1496148,-81.0174194,"[""34013206050000"", ""34013206050000""]",107a1f7f60dc4480914a8b707abd154e,,Belmont,,,,
40.1454953,-81.0131755,"[""34013206080000"", ""34013206080000""]",e9cfaa17ba3145b3b1e75ac456a7b751,,Belmont,,,,
39.8679298,-80.9332207,"[""34013206100000"", ""34013206100000""]",929a42049ed0467987f181900946e8cc,,Belmont,,,,
40.08858813,-80.9332554,"[""34013206190000"", ""34013206190000"", ""34013206200000""]",cb6b95795fb34316b81561a6cecea2f4,,Belmont,,,,
39.9773526,-80.8380489,"[""34013206530000"", ""34013206530000""]",31773f565ace4f4ba108580f0e73b822,,Belmont,,,,
40.0003036,-80.8906802,"[""34013206620000"", ""34013206620000""]",964965d11d39413698957f71de5c30a8,,Belmont,,,,
40.0389596,-81.1389539,"[""34013207830000"", ""34013207830000""]",6980664753814cbe8c5088b07b323610,,Belmont,,,,
40.6815374,-80.9252264,"[""34019220860100"", ""34019220860100""]",b58d1b59c12d40d995c7074ba17ceffe,,Carroll,,,,
40.3093076,-80.7064745,"[""34081204990100"", ""34081204990100""]",56809e62da2b4f65b647d64a881d51c1,,Jefferson,,,,
40.3212151,-80.7740269,"[""34081205000000"", ""34081205000000""]",70a304d59d044e4abce59f8917cdebef,,Jefferson,,,,
39.71135293,-80.8393598,"[""34111242560100"", ""34111242560100"", ""34111243670000"", ""34111243470000""]",68e54965207b4d4bbd84755f02231746,,Monroe,,,,
39.69764014,-80.89899925,"[""34111242850000"", ""34111242850000"", ""34111242880000"", ""34111244190000"", ""34111243000100"", ""34111244180000"", ""34111244200000"", ""34111244210000""]",6f3c3922eae242a9918797cd9a78c24d,,Monroe,,,,
39.67388328,-80.9315263,"[""34111243050100"", ""34111243050100"", ""34111243800000"", ""34111243780000"", ""34111243760000"", ""34111243770100"", ""34111243790000"", ""34111243810000"", ""34111243460000""]",099d51d7f97b4d2381813897ac274f7c,,Monroe,,,,
39.6771291,-81.0261239,"[""34111243580100"", ""34111243580100""]",12e987d33e50466db054b11c14d917db,,Monroe,,,,
39.8226549,-80.8505975,"[""34111243660000"", ""34111243660000""]",378d36eaae4a446ebb113efc6e0acaa3,,Monroe,,,,
39.64161039,-80.92746256,"[""34111243820000"", ""34111243820000"", ""34111244700000"", ""34111243930000"", ""34111243920000"", ""34111243950000"", ""34111243910000"", ""34111244220000"", ""34111243960000"", ""34111243900000"", ""34111243940000""]",61dfd4283371446e858cc36d5483d34f,,Monroe,,,,
39.6365655,-81.0580458,"[""34111244380100"", ""34111244380100""]",f7741825c2014af1867bcf11c467bea9,,Monroe,,,,
39.8313803,-80.9139547,"[""34111244500100"", ""34111244500100""]",cd72f93a427b492aba89eb8792005eb3,,Monroe,,,,
