InputID,TargetID,Distance
40.20741322-80.38647978---2010,4b0152c9-6f35-5ad5-ae14-3c4a6afa8d06,0.000420425115354
40.38491917-79.49932032---2010,cd536918-95a7-5082-965e-72d5afb44db3,0.00152942044587
40.29175774-78.7797371---2010,592852f6-aad4-507f-a839-a0195d5e1be8,0.000705207186565
41.9065738-76.92537056---2010,def69ddd-d528-53f3-aa69-60ee4e4fe1a8,0.00034265065215
41.0843343-78.02022624---2010,5e4078fe-23cf-500d-a217-0d3f41e5c998,0.000429472559514
39.97681915-79.43654121---2010,799c4dd7-92ca-56d4-9c6c-89aa9af56022,0.00121689964284
41.73430056-77.16470696---2010,ee305593-9e63-569b-9f94-a5506659ec14,0.00112781313578
40.01092713-80.01870273---2010,7415c6fe-94e4-51c8-8a58-325bad83b3c1,0.000651628372555
41.74847203-76.80525856---2010,e8c61813-9f99-5c3e-b47d-4f99c42caf05,0.00154445483407
40.27432791-80.21686239---2010,9597f84a-a2ab-5413-8ac6-07881876f695,0.000572238893442
40.38435037-79.49918072---2010,cd536918-95a7-5082-965e-72d5afb44db3,0.00163823715509
40.08837283-79.9750576---2010,a6c7ed9f-3dd0-50db-9f59-316992d124d6,0.000930533043415
39.83342633-80.00744217---2010,6bb3becb-ca34-50c8-8faf-4f8cf122a403,0.00338728724568
41.2759595-76.64983644---2010,2071ce08-1cbf-51b4-ac17-d36f7d4e8439,0.000404539779167
40.36321847-79.33129478---2010,ffb69ef9-fd3a-5eda-86e0-aa3a8cab95c4,0.000380636039736
39.77360781-79.99802799---2010,acb3243f-1b22-581f-bb21-36c8abf46d35,0.00136019480766
39.74515133-79.35669247---2010,cab62be9-9b14-5df8-88ed-c08a546b23a6,0.0018549898306
39.92874078-80.02080769---2010,4c977b47-24da-541d-998c-a7d68897db76,0.000412702147321
40.70474933-79.64263574---2010,154131f2-f607-5d8b-9d00-4879335d47e1,0.00017919284634
40.12871185-79.77723116---2010,ea2b33d8-fd52-52e6-a036-413b2f3cf61d,0.000527311961622
40.02050718-80.16715446---2010,9c0dc269-7ef4-5c02-9931-10547db420a0,0.00116728522538
40.27575622-80.23999057---2010,98b89d9a-fc7c-51a8-aff3-610a4246a7f0,0.000468897922805
40.85872603-79.53412091---2010,95b6a4c2-beb5-504d-a247-98830c302585,0.00594587352037
41.2553708-76.64459973---2010,8a7a60f3-aa6d-5829-bce0-b128720c10fc,0.000370765941639
40.67711088-79.38119553---2010,a6f447b7-5eaf-580a-93df-4cc29d502a41,0.000876348443001
40.18924974-79.88712684---2010,241784fd-572d-5aa7-a1ea-48cf75148055,0.006693073866
39.83483001-80.02534808---2010,f03037c8-ac67-55ed-8886-98b584cc1c30,0.00145973210692
41.79037269-77.33004819---2010,e4522050-966d-55c6-9769-5242fd5ae5be,0.000359103965349
41.70717579-76.31460629---2010,6885d5c2-17e1-5449-bdcb-657563adc1c8,0.00742226157017
40.22531845-79.75080914---2010,8c0c7ea9-aa01-5d89-b7b2-32c27989acc3,0.00121578401606
40.86039768-79.5800714---2010,6b6d72eb-cb9b-5b0c-ab64-9d0b6cca4a15,0.000118623032566
41.80849318-76.36600918---2010,5bf23a7b-09ae-56f6-8668-652bbfb845c2,0.00497958297393
41.00017026-79.43996299---2010,eb469718-a2fb-5974-83e1-1a9cc5dc0f97,0.00789175578613
40.94805699-78.46451616---2010,8f2992e0-6786-59c4-89f6-3f0d8b9297a3,0.000359557240731
40.60373141-78.96094391---2010,902b0812-47c3-5314-a4e3-21d45dec0ba6,0.000932125796638
41.59708579-75.57175492---2010,66d21ace-a345-574f-90d3-c4a1ea005454,0.00181560320545
40.29622975-80.38245893---2010,85b92c7d-80e4-5793-9340-fe8a7084d529,0.00407530569955
41.73935068-77.21563641---2010,02843959-49c4-54ad-86be-b44c59899be6,0.00049412568894
41.8468575-76.92333291---2010,3205d44b-7946-59dc-ba78-c629dc749445,0.000872182387984
40.68106095-79.59518683---2010,629b118a-acda-5ce4-89fe-ac2c95424ebf,0.000472099835917
40.81262255-79.5741673---2010,0acb0d25-da06-51ec-bcc1-fbc724ee07f8,0.000863715287805
41.03769831-78.06727509---2010,49fa744b-b38a-519e-9c38-a06f3e496b89,0.00028086259121
41.69371809-77.35990027---2010,4ed45832-cc31-5d44-abf9-96f96de0d409,0.000886164920675
40.01023083-79.67296586---2010,f6611992-958f-5f1a-9aec-4b0b56af28bf,0.000357507579609
39.94775483-79.83021807---2010,7a1e22ac-2dcf-57b3-b92d-c111ceabcf13,0.000686106861025
41.98793626-76.99046838---2010,bf599014-6c67-5ea3-8323-6eab1909ede3,0.000617279346257
41.27589822-77.27849922---2010,0db8e646-f536-5d87-a2f5-41a2460965f9,0.00533188235574
41.45697025-78.26770914---2010,51f1089c-38de-524b-94bb-bbc7ffe14921,0.00136980711273
41.79471677-76.22483434---2010,e4204dd5-8419-50e4-ab81-17f875a2e0d3,0.000656184119704
41.80892777-76.53915899---2010,499560c4-0060-5f96-b53e-4f4a5d246962,0.00106062425612
40.19217825-79.88210925---2010,241784fd-572d-5aa7-a1ea-48cf75148055,0.00113371605072
40.65940058-78.96322786---2010,121d774d-9aaf-52a5-ab12-4bc363176358,0.00104818109656
41.88901657-76.93721438---2010,0da98ab4-4a3f-526f-ae27-0f6dc68122a4,0.00058180784578
40.63020369-79.10280615---2010,d157acae-0943-5348-86f0-3ca8dc9a9074,0.00181808529001
39.88336846-80.0431284---2010,e7479c4f-8e0c-5c93-900e-8598daf5b365,0.00233526296143
41.85096206-76.91785601---2010,76f89d92-798d-5a12-9caa-12b71b9da306,0.000885951309918
41.71293345-77.29027167---2010,1fd6b9c0-d059-5ed4-a225-65e18db4be05,0.00128985040124
41.71242388-76.32013383---2010,6885d5c2-17e1-5449-bdcb-657563adc1c8,0.000478192241956
41.66899448-77.61391637---2010,89ab4bd9-5884-5939-9bdf-22e965440b2d,0.00101574230584
39.96038875-80.09540743---2010,5452eff9-6366-5ef0-9e59-aeef24d432a8,0.00100774872193
41.71612487-76.19433625---2010,13e1e27d-ddd9-5e04-b5a2-a5d4c44e3f44,0.00840526920028
41.68647715-78.62340222---2010,062b02e4-3327-5e67-9245-9ca2333e3c41,0.000767259846645
41.74662609-77.20244254---2010,2fd49d09-7cf8-5488-9465-01a2e91d4c96,0.00107932375489
39.88375583-80.04475872---2010,e7479c4f-8e0c-5c93-900e-8598daf5b365,0.000702957307205
41.80802311-76.93385347---2010,e6a1d6dd-95a9-53b4-ac81-442c668ecfc5,0.000471981987616
39.96462738-79.82411448---2010,a6ebaffc-79b8-59ff-b771-32284dcb1b3a,0.000359167306212
40.24636287-80.26986908---2010,4be7965f-3735-582d-81bb-e8ebf5570d9f,0.000408926383516
41.0005385-79.79008577---2010,3e6e6065-2465-5ce0-8bf4-9b5865c780cc,0.000212385471675
39.883326-80.04455997---2010,e7479c4f-8e0c-5c93-900e-8598daf5b365,0.00114347821936
40.27908682-79.75912535---2010,154a9699-4aea-59d9-94bd-25cfbecc3f40,0.000471832829083
40.70420977-79.64238014---2010,154131f2-f607-5d8b-9d00-4879335d47e1,0.000677404507127
41.95814548-76.93724449---2010,7b960686-9923-5de0-a37d-a863a58afeb0,0.000770865511759
41.71302986-75.88716827---2010,d06884f6-7dc4-580f-9c44-1cf744ae235d,0.00141593946494
40.00552897-80.2882478---2010,36d95019-2d2e-5fc4-ad6a-08390e34e71d,0.000750884723998
41.67409451-78.25603017---2010,389852ce-9166-54f2-814a-d476063489c7,0.00370311513284
39.95581251-80.26774398---2010,c3ebb120-d82e-57ef-8abb-a58e7ea2f1e8,0.000476091200472
40.32838695-80.2958319---2010,1c4c5f0d-c457-52a0-bbff-aa486aec1463,0.000259861747072
41.67550121-77.34610026---2010,db3dfa30-4215-504f-b8df-0c36a3fb1a28,0.00081067607111
39.95362193-80.10163592---2010,b863c790-187a-5ceb-82fe-bbdb503db264,0.000345046514953
40.85480261-79.58078727---2010,75d3c6cb-434a-5554-816b-c023d7c8c5cb,0.00234855103974
41.80918412-76.53858478---2010,499560c4-0060-5f96-b53e-4f4a5d246962,0.00164898171057
41.58360731-78.81895538---2010,afa5f75a-9a8f-5ba4-b46d-49d1066f0695,0.00240179085823
40.83337387-79.68494245---2010,34fe38dc-7a70-560f-a0d6-608d8cf601c8,0.00122946711893
40.01159315-79.87967618---2010,808304fe-7469-5f31-8fab-87ead724562f,0.00040837500083
40.01098303-79.63145381---2010,06c4a8a2-37b3-5548-bc75-9e6446120a4e,0.000356206976921
41.1043042-78.971872---2010,e2301e2d-8aee-51c8-a388-7fb4437e5f1f,0.000258636122302
40.76564499-79.74295104---2010,6729ad57-157a-5157-9d92-f76be15b7101,0.00109379015779
41.96583614-77.03795236---2010,8e27dca5-5821-54af-9488-1d397e8e56e9,0.00090323418689
40.35777787-78.56258018---2010,f2707d2a-2e47-5103-8771-4744815f9798,0.00562458504762
39.77553181-80.00163288---2010,d18a319e-b4b9-58a2-994a-22c93ada784c,0.00124907041828
40.78179316-80.03568687---2010,d312d9db-8a08-5fdb-8dd5-72be3a0f5ded,0.00038483225143
40.26508587-80.46267297---2010,042d0de7-9ccd-538e-bbc4-d8bc11971d68,0.00318778116467
41.07364466-77.98226547---2010,23d4eb70-43df-5e02-ab48-d5cf1ceb62e2,0.0014086495599
40.0292692-80.15319733---2010,b13209ec-a904-51ca-bf32-5c123057bace,0.00178713478708
41.71882241-75.89948812---2010,8bcb4350-857f-51c5-a610-18b120ffd6cc,0.000300372772568
40.16218266-79.34401159---2010,381d7a29-8346-56bb-aa08-3a25bdbde244,0.000328105569864
39.9879426-80.29850872---2010,c90beeb2-2990-5a3e-a374-619abd541f78,0.00632105544626
41.59617456-75.57136908---2010,66d21ace-a345-574f-90d3-c4a1ea005454,0.0014023435879
41.68550814-77.60583656---2010,1a181cb7-249c-516d-9e86-d784473b02d1,0.0024100951915
41.73570549-76.79412175---2010,a76d2539-bd87-5200-b156-45893c5c7bd3,0.00121922984815
41.21502109-78.71157768---2010,a166149c-2b85-5c93-82b6-cee23e78395a,0.000265332324002
39.88369038-80.04938174---2010,aac51b26-e563-53db-bb2e-20e3193fd799,0.000324666022806
41.34362004-77.25873391---2010,2191aca5-edd5-55fe-b135-366a041bc74c,0.000271168092583
40.3052867-79.1764693---2010,c558498a-eb78-5cb5-8540-a4e2b57c6546,0.00567694884496
39.91401964-79.95267561---2010,60f48cf5-3316-5f2d-be69-e4b581af5bc0,0.000405830147189
41.74722636-76.78557029---2010,1b8231d5-791f-5040-8d16-01a09db60511,0.00168897838757
41.28582711-79.4881212---2010,57f4d505-7a40-5ede-820b-0034ad814fb0,0.000237858790946
40.67606281-79.75023272---2010,3e906506-59e3-528f-aad5-7319f2248109,0.00144797761746
40.26393583-80.46363592---2010,042d0de7-9ccd-538e-bbc4-d8bc11971d68,0.00182824148134
40.28127856-80.22541597---2010,57cd674e-438d-516e-a4ec-ef25c8b82363,0.00286576435824
39.99987413-79.6615197---2010,993532d7-e57f-58d1-93b0-8c63cea41c5e,0.000602416034286
41.71830078-77.33260255---2010,88e169d1-c87a-5e4c-acd7-0ac5644b1946,0.00087907515934
40.3677617-79.32892643---2010,0c2420d9-5eac-5b46-b7fa-d476cdae2e3c,0.000358029725912
40.79952053-79.58533269---2010,3b542c4a-a592-5842-a3cf-2433c74d1784,0.00603464566772
40.30360347-79.21595582---2010,dfcc5ca9-c97f-59a6-82c5-b263cd9bc11a,0.000809110665451
40.82880022-79.6736429---2010,a722f5b7-a159-5598-8a8b-dd3bac6b396d,0.0052058917097
41.78918709-77.01830708---2010,58144798-2a82-5261-aa21-ea24c00d91dc,0.000817393923146
39.82557144-80.49535313---2010,eac0bb9d-9edf-5702-a82c-0eccf021e2a8,0.00143055817641
39.85643314-79.53683559---2010,0c656faf-4504-5015-ace0-2209a40f1a85,0.000312110972843
41.41646588-78.27177707---2010,53529efd-283c-54c2-8dff-97d75efa4999,0.000411743230783
39.8886006-80.29406806---2010,1704ae23-18a9-52de-880f-c531f654041c,0.000779499676665
40.82378855-79.67765007---2010,c61576bc-2106-59ff-ac97-107d5b62acb3,0.00316943565185
41.84650485-78.15630847---2010,3718b3b8-3bfa-5e81-b743-e27ab156cedd,0.000314639270326
41.72081253-78.37490478---2010,edafd51c-d6e6-50d1-b21f-14ff8e0ed3d6,0.00201076540101
40.87296879-79.55738098---2010,7fb016ca-1642-5f8f-ba4c-57350d81dfed,0.00628927811167
40.18865381-79.93686105---2010,b0416085-5f11-5867-b5a6-22d232d6f3a4,0.000940902833833
41.63832903-78.36884546---2010,3bbbe962-176c-58de-87c8-e42d9bb19c0b,0.00155317800174
41.83572536-76.96673679---2010,8c1395c2-414a-5e52-bf9c-bb14edf7a0cf,0.000328439103843
40.00739103-80.28673078---2010,27c1db76-1810-589a-9996-aab1853d4e3c,0.00222243375447
39.93719996-80.2933112---2010,a83eb89d-f9d0-599e-91ce-d01af9dba93e,0.0015794828539
41.2645431-76.62997165---2010,0cdc3925-4712-5651-9524-d392f836e88e,0.00245823932986
41.27480237-76.5659369---2010,5596760c-5af6-52fc-a4d5-4ee19a6d5d4e,0.000765392198966
41.73021699-75.90843734---2010,9478d435-b6d7-56a1-8489-614aa86700db,0.000390363659687
41.8660212-76.60972882---2010,f2b7ab2a-db38-5849-a770-391c0eb9ace4,0.000746809811353
40.22228439-80.41804212---2010,57907180-cca6-53fb-b29c-832df9617f8f,0.000418670121915
40.24887247-80.26352938---2010,c2770f51-361f-5ecd-8e37-cc1bb54beb08,0.000436313595635
39.884243-80.04364948---2010,e7479c4f-8e0c-5c93-900e-8598daf5b365,0.00166860404969
41.68894473-77.52774933---2010,a14c83a0-0986-552a-bc33-8520d640871e,0.000447589197952
41.28736159-79.48859299---2010,57f4d505-7a40-5ede-820b-0034ad814fb0,0.00163719880148
41.74640756-76.78738867---2010,1b8231d5-791f-5040-8d16-01a09db60511,0.000830032494849
39.95676672-80.26956793---2010,c3ebb120-d82e-57ef-8abb-a58e7ea2f1e8,0.00165642402137
40.12396928-80.21537687---2010,031b424f-b566-55aa-a00f-657f805007a0,0.00154397587555
40.32056563-80.30261367---2010,767cd43c-3992-577d-b24d-156ae0658bf3,0.00038233519345
40.23161662-79.73540434---2010,fb0e394f-c141-596d-89b5-607d3b9ef519,0.00181233750788
40.70494079-79.40942379---2010,6b4f5860-ac9e-593c-9daf-dc3abbd4921c,0.000910514507486
39.84284342-79.9741812---2010,9beb4edd-13cf-5cc7-8486-f7845927b4b6,0.00145409815054
40.28765628-80.21623035---2010,ccabac3d-f8f4-5456-996e-3f133f79d389,0.000468444639257
41.37676808-77.13518701---2010,15cc5082-af4b-5fd1-a164-3b9867d94986,0.00226838180694
41.64598848-76.39235157---2010,d2408df4-d973-511a-b894-6d372a8e6e30,0.00699691504274
41.98886329-76.98512842---2010,fe95b727-f1a1-5022-ab98-2ba079ae0cba,0.00557969709079
39.99358267-80.28882639---2010,8a9017f3-f88a-5a5e-9110-c9e149f3a244,0.00194939097516
40.704402-79.40924889---2010,6b4f5860-ac9e-593c-9daf-dc3abbd4921c,0.00142815182008
40.80317458-80.06567948---2010,a5cf21ef-9357-5070-a8a2-de053e9ebecb,0.00348580125053
40.01737002-79.65924502---2010,3030217b-1e65-5f1d-bacd-77381ac69a30,0.00048498789396
39.73322687-79.80063631---2010,bacdb174-65bc-5345-9499-593e459f6192,0.000397398345516
40.82198919-79.68071836---2010,c61576bc-2106-59ff-ac97-107d5b62acb3,0.000409434844787
41.76817718-76.5344788---2010,77a1d2e9-70ca-5a54-8bf3-a0133c09ce9f,0.00473106400637
41.9303336-76.9449712---2010,e64b12eb-1079-520e-9480-ab67bfb3598d,0.000516460323448
39.96910021-80.11046016---2010,22044b09-54ba-5f4b-ab36-3ddaa42e5865,0.00120093849198
40.00950887-79.67256451---2010,f6611992-958f-5f1a-9aec-4b0b56af28bf,0.000626775906032
40.87020401-79.56426894---2010,7fb016ca-1642-5f8f-ba4c-57350d81dfed,0.00113489167278
40.7939103-80.07942479---2010,d02fef91-6897-58cd-a2c5-e01bf10fe464,0.00358450376064
40.22509243-80.5174751---2010,aa99637f-1aad-50b6-b4d0-d2a2fe7c78ad,0.00177746250166
40.8780097-79.51980614---2010,6381a0d1-ecda-516e-9dcb-5eaf414ec726,0.00139083104701
41.7503361-76.14190895---2010,8faa7b04-1d39-50c5-80d0-b566c9b6f160,0.000450022235557
40.85065687-78.65996005---2010,f78971e0-ff6a-5153-8da7-ac77e3eeff07,0.000335341323276
41.70468538-77.56361297---2010,ffcd1a4d-6343-5905-bd64-939c63ab2c8f,0.00133735797643
40.63021189-79.1016003---2010,d157acae-0943-5348-86f0-3ca8dc9a9074,0.00093700953518
39.81876573-79.97726352---2010,c1dd85bb-4a01-5c7c-8929-7ee488d4ef04,0.000582797869573
40.38098656-79.3288558---2010,28ff81cd-2616-535e-bea6-ef64aac1c388,0.000552927744632
39.9376826-79.96689128---2010,cba0701c-48c3-51db-a313-69c8e69544f5,0.000853771910483
41.80941851-76.93405782---2010,e6a1d6dd-95a9-53b4-ac81-442c668ecfc5,0.00106372096851
41.13440051-77.88622646---2010,386c16c3-288c-5566-839e-e23c98f33adf,0.000396494888402
40.26687987-80.35435583---2010,9d391788-21d1-5948-9879-a0b07aa93d7a,0.000424761173297
41.26229995-76.61935054---2010,063bfbfc-66eb-523a-9f47-272142a50ad6,0.000459544153172
40.23010998-79.73482034---2010,fb0e394f-c141-596d-89b5-607d3b9ef519,0.000381717255698
40.6775674-79.38081793---2010,a6f447b7-5eaf-580a-93df-4cc29d502a41,0.00081140953047
39.98245527-80.2946741---2010,c90beeb2-2990-5a3e-a374-619abd541f78,0.000540805170715
39.89378479-80.06094068---2010,8f359747-86c4-55e1-a3f2-de048fbf1e3d,0.00896330579236
39.73914718-79.83376547---2010,67311f92-7c4a-5993-b5dd-1c65ebef4009,0.000660708502423
41.19300728-77.59206614---2010,3dd36793-0f70-5e8d-ac1a-66441fa2d546,0.000380864376348
41.77125659-77.15503668---2010,ef967a9f-51fe-515b-aafc-051640c5b16a,0.000897074820001
39.97926099-80.06894555---2010,ffa4f3bf-92ed-53d7-bbaf-014380e660c7,0.00144072746771
39.98458921-79.69222161---2010,00e1f43f-cc8d-54d6-b7a9-5abdb84fed46,0.00129021106342
41.02550732-78.81730855---2010,4c6624eb-dc64-59eb-ac7e-80d50beeee5d,0.000909815141662
41.37157201-77.14591764---2010,d949e14b-fcb7-55a3-997a-e189c626b89d,0.000297368457793
40.03397352-79.18515815---2010,7f403d8f-9bfc-5166-a861-14ec27036220,0.000447440831544
41.53324648-77.15881139---2010,24726010-dcf7-5210-b4b0-f125a4f30634,0.000702463000767
41.6670966-76.09411364---2010,518dfa85-7c7c-58e8-85f6-0736369126d3,0.000762937201978
39.90624269-80.30146103---2010,1baa2f76-0ab1-5b37-b845-db28180b2c08,0.00178325531046
41.6724877-76.36399877---2010,02b0ca4c-f78c-5c93-8fab-4e9ba48d491f,0.000451414603396
41.74666564-76.7864921---2010,1b8231d5-791f-5040-8d16-01a09db60511,0.000731633200176
40.83673556-79.55428496---2010,a0adb300-519d-500f-902d-0b28130fcc7c,0.000182875998683
40.43570572-79.07276494---2010,fcd50a4d-cde8-55ea-a78d-246dd0f07027,0.00305870483588
40.86094955-79.57988846---2010,6b6d72eb-cb9b-5b0c-ab64-9d0b6cca4a15,0.000501733167788
39.86925937-80.01002805---2010,ef986a01-79cf-5c7b-a940-ae3d8bfbecda,0.00268856313024
39.9868619-80.10942011---2010,565007c1-d150-55cb-862b-454369b9cd8b,0.00136010056413
41.65061454-76.04261992---2010,f2f60b1f-6bcb-56c7-a263-6e97cb489787,0.00016708590007
39.83033403-80.00762411---2010,6bb3becb-ca34-50c8-8faf-4f8cf122a403,0.000327303351706
40.00059179-79.7011004---2010,3265a9f2-22cd-55f9-a572-5c3d1594eaa4,0.00062040234111
41.67462647-77.604488---2010,51769f65-6e02-5cb2-9f54-e13d61c8ac27,0.00206152607952
40.00055954-79.66188809---2010,993532d7-e57f-58d1-93b0-8c63cea41c5e,0.00124030221242
41.72561029-76.81881268---2010,b359e77e-5fbe-5fbc-9a8a-3ea744147bbd,0.00144316535661
39.88328556-79.99007231---2010,7819f71e-0d1e-505e-9d1d-dafac11be45e,0.00141532558522
39.95772302-79.83997547---2010,d3bdacfd-aad3-5140-998d-53e9a78efb80,0.000985406224991
41.95745015-76.93719719---2010,7b960686-9923-5de0-a37d-a863a58afeb0,0.000309419299725
40.37018649-79.34017415---2010,4bee1776-c2d0-5cdd-a216-a6b9d33cf5a2,0.00119236644872
41.84923506-78.15876069---2010,143d5620-3f6c-53b8-aa7b-6b466069a136,0.00205873335682
39.98771277-80.10866479---2010,565007c1-d150-55cb-862b-454369b9cd8b,0.000908364373427
41.78656891-76.2297168---2010,6ec9d418-5294-5353-9a44-c58425ad1592,0.00104916354448
41.75131126-76.73605999---2010,3bb31077-0ebd-5511-9dbc-88b1852959c5,0.000236292318055
41.72900693-78.17545011---2010,7f138b69-ad9a-5815-94da-892a85147900,0.00713098965951
40.70566514-79.40926756---2010,6b4f5860-ac9e-593c-9daf-dc3abbd4921c,0.000169541132645
39.95409016-80.09214815---2010,61e053e8-2be1-541b-ab37-abf56bbf5aa0,0.00118215021663
40.01208977-79.87962592---2010,808304fe-7469-5f31-8fab-87ead724562f,0.000340433913344
41.79750652-77.24540724---2010,29de1ea3-4f27-5923-865c-a32087965539,0.00113397235924
41.71448605-76.42295947---2010,047995b5-6990-512a-b821-c3d5637f3df3,0.000364029127572
41.19671672-77.6826268---2010,3abe0836-d795-5f29-b8e6-e25db12e6dce,0.000340359794651
41.77335831-76.80426256---2010,b6664ef2-320e-5f59-9c79-98fe541f08bf,0.000925381980432
39.88438532-80.04855096---2010,aac51b26-e563-53db-bb2e-20e3193fd799,0.00122344118783
40.77965105-79.54272851---2010,123d5320-a67e-58ca-a269-beb48307e3b5,0.000269977512933
41.68950442-77.66275968---2010,065f3587-4a35-54d0-8b6a-17764323f658,0.00134400609225
39.8409441-80.08672661---2010,f126a067-26e1-5537-869f-a7afadd0e8f0,0.000728808671776
39.9513744-80.09956098---2010,b863c790-187a-5ceb-82fe-bbdb503db264,0.00293310885342
39.95180789-80.27672968---2010,1025cdec-1fdd-5f1d-842d-f8954900d48a,0.00142170121353
39.88266575-80.04805936---2010,aac51b26-e563-53db-bb2e-20e3193fd799,0.00140250902951
39.84876222-79.87844985---2010,4b429ea8-d7da-54cb-834a-2770168ee2da,0.000328586003723
40.83864081-79.66375287---2010,a722f5b7-a159-5598-8a8b-dd3bac6b396d,0.0105388321574
40.37226438-79.33054184---2010,655bdbc2-7f80-5e2e-91fa-b3fc585c6569,0.00169899852979
41.60838385-76.37384948---2010,8833986f-dd27-51d5-a97a-e9ba798622c0,0.000364545378387
40.13121502-80.18778497---2010,ad945f48-ae67-5717-9514-6d1f4cd57ef4,0.000355272320898
41.87123947-77.91747178---2010,28f88e7a-6fd0-5017-b5d7-3c38c956f742,0.00101898057878
39.87218484-80.00510873---2010,5f19ae31-882b-5eea-99aa-a371294be1ec,0.00146207803722
40.15554327-79.74938062---2010,a893e26f-33c0-553b-ac23-a594896ef0ad,0.000765318214545
40.754501-79.72573502---2010,523cb590-9b6c-5ef2-b2c0-a2964e88bcb1,0.000245199913905
39.76807225-80.00480281---2010,8af0d0cb-0183-5dad-a982-07648c9ed736,0.00122730434154
40.75363862-79.78335832---2010,452609a1-83ec-5a75-987f-12ff7f770879,9.11715285109e-05
41.72852592-78.1688665---2010,7f138b69-ad9a-5815-94da-892a85147900,0.000752081994675
40.13768106-79.76344425---2010,701fe067-af90-50b8-9120-7248133e733c,0.000297244144596
40.87072987-79.56321874---2010,7fb016ca-1642-5f8f-ba4c-57350d81dfed,0.000163745543371
41.80468862-76.95481288---2010,16604fbb-8067-50e3-bdf6-4e5c57b6c914,0.00113070742647
39.96928395-79.83859469---2010,be9c2ffc-949e-5e2b-bf1c-16f549fd94f8,0.000226519353194
40.01580531-80.07354818---2010,5d7b415d-90b9-5c31-9020-1bbbebde8183,0.000334631611738
40.20716636-80.36739273---2010,42ae4815-6d54-5741-8fb9-5bef908ddc94,0.000380964002025
41.58518314-78.82487089---2010,afa5f75a-9a8f-5ba4-b46d-49d1066f0695,0.00372144454211
40.86270743-79.53918336---2010,95b6a4c2-beb5-504d-a247-98830c302585,0.00101941766415
39.94526959-80.2646222---2010,10240a03-5ea5-5a9a-a76c-d44f6d0841ab,0.000654573828547
39.93471715-79.85263551---2010,f1e767f1-24fd-5129-b9b6-8363bc0b0bf0,0.00111713631195
39.93848261-79.47075496---2010,864b28b6-45c2-5c7d-a87c-8583cb7b1f84,0.00179829325553
41.75214197-75.90336935---2010,0862c1e3-6291-5275-aae1-578cff1ab567,0.000354971736753
41.77311417-76.22433585---2010,a89de790-533b-5c8a-8445-108c4c7a9090,0.00140268449112
40.88544184-79.72665431---2010,9783e1ce-ace0-5c56-b282-4544aa2bd57c,0.00222606440039
40.10321436-79.79201286---2010,5e25a264-e737-5dfd-9ba3-ac0e4fa90bd1,0.00148031100131
41.09614201-78.30765768---2010,83718681-6e88-5719-837b-018739e2ccba,0.000174427371051
41.87091689-77.91635483---2010,28f88e7a-6fd0-5017-b5d7-3c38c956f742,0.00118218031369
41.68791444-77.40918266---2010,1ccc63d5-11d3-5905-af4c-9acf8a2b257c,0.00103858923331
41.70816017-76.09478554---2010,519764b6-010a-547c-bae6-9529a9ff1af8,0.0100603571816
41.68483463-77.60488438---2010,1a181cb7-249c-516d-9e86-d784473b02d1,0.00151523906429
41.95545891-76.86098798---2010,75633cf0-230d-56b2-8bff-057494853fc0,0.000184176628001
40.25481011-79.76087353---2010,07eae775-2715-52e3-b126-70aa314a0a88,0.000421735940509
41.45587427-78.26840111---2010,51f1089c-38de-524b-94bb-bbc7ffe14921,0.000175488241095
41.73574245-76.79516424---2010,a76d2539-bd87-5200-b156-45893c5c7bd3,0.00212543295828
40.70451427-79.40865635---2010,6b4f5860-ac9e-593c-9daf-dc3abbd4921c,0.00143455106986
41.76366377-77.11568203---2010,d8ee9af7-76d9-5a31-9075-580ded527650,0.000741662151464
39.86063553-79.97689932---2010,ae664fe9-676d-5e72-8284-03db14bed30d,0.000376598608718
40.24538635-80.46440348---2010,5fbb2453-2d20-55ba-828e-4d1510413973,0.00526069498473
39.77439985-80.00125503---2010,d18a319e-b4b9-58a2-994a-22c93ada784c,0.00100546331652
40.38478598-79.50051259---2010,cd536918-95a7-5082-965e-72d5afb44db3,0.000372798730081
40.83690824-79.66247898---2010,d98aca7d-2f50-5532-bc10-533400552d22,0.0101227427573
41.71026621-77.54750909---2010,68b780c8-c31a-5f31-95f8-26327724c52d,0.000960890200538
40.24588453-80.27133265---2010,4be7965f-3735-582d-81bb-e8ebf5570d9f,0.00115728359423
39.9718014-79.82616737---2010,a6ebaffc-79b8-59ff-b771-32284dcb1b3a,0.00777491911513
41.69442613-77.36086302---2010,4ed45832-cc31-5d44-abf9-96f96de0d409,0.000431025371378
41.67906952-77.58120749---2010,85547453-a86e-57a5-8b14-ccac8b61365b,0.000896973456972
41.69598997-76.84139605---2010,bbc07f37-7fea-5e9c-9cc2-eecf4a71e45f,0.00199063453788
39.77271373-80.00593701---2010,ab1cbb0f-feba-54e8-a6af-cd8763e1368f,0.00037615414103
39.93576878-79.85442491---2010,f1e767f1-24fd-5129-b9b6-8363bc0b0bf0,0.000960072416813
40.86718579-79.54829032---2010,8319a04f-290f-5509-bbd1-386620158fd1,0.000222470365525
40.77537568-79.61429242---2010,b1e2f612-9388-515c-a6c0-92b2a031d480,0.000158610026526
40.80345972-80.06208008---2010,a5cf21ef-9357-5070-a8a2-de053e9ebecb,0.000263605032217
40.30539884-79.21555158---2010,dfcc5ca9-c97f-59a6-82c5-b263cd9bc11a,0.00190785846496
41.67840482-76.38159209---2010,96f958d3-b81d-50a1-8d9c-7c7b6620fa5e,0.00570235396134
39.73445968-79.9644967---2010,46b5b463-aa76-5618-a253-df1a6e583575,0.00173672141606
40.09880451-80.17893766---2010,f87f7745-5896-5c99-823a-953b89403362,0.000743900652029
41.27400842-76.65935747---2010,e162b6da-2379-5ff5-80c0-99c03f72324c,0.00313422006235
41.82556463-76.98418403---2010,3bd729db-68f7-5641-a536-f9b19d2dcb78,0.000720952188076
41.24676258-76.65028634---2010,4e8d13fe-c158-5243-a391-5029910745a3,0.001070254206
41.76199821-76.80222384---2010,28555bd6-4db2-5a62-842a-c83f6317be5b,0.000564579214721
41.41723917-78.27251627---2010,53529efd-283c-54c2-8dff-97d75efa4999,0.0012897086335
41.71093954-75.88722623---2010,d06884f6-7dc4-580f-9c44-1cf744ae235d,0.0007948012442
41.47607987-78.92275268---2010,b7d960ab-2b80-533d-ae60-fe0e69aafff4,0.00137940507616
41.75086458-76.63212735---2010,6266514d-5598-5c33-934a-d201d581c323,0.000656090367154
39.9822097-80.29564468---2010,c90beeb2-2990-5a3e-a374-619abd541f78,0.000557042289141
40.01030401-79.65037486---2010,86ea0098-51cf-52de-897a-5ff0e19af72e,0.00206136172352
41.74608162-77.20280044---2010,2fd49d09-7cf8-5488-9465-01a2e91d4c96,0.00147661821494
40.21092863-80.35239872---2010,e4572e49-ef94-54a0-9cfb-f989d544710d,0.000499761308952
41.95026358-78.79579824---2010,69f6182c-1469-5671-be04-d5caef7ea3b5,0.00391604033748
40.86785458-79.54801878---2010,8319a04f-290f-5509-bbd1-386620158fd1,0.000891974970921
41.78857608-77.21604547---2010,3659dce8-a613-59a6-bf97-68baff57f31c,0.000984659297911
40.23108222-79.73544919---2010,fb0e394f-c141-596d-89b5-607d3b9ef519,0.00130178816205
40.70603442-79.4089551---2010,6b4f5860-ac9e-593c-9daf-dc3abbd4921c,0.000340973984013
41.68166241-75.79935863---2010,c2e4b768-5664-58eb-8d49-6e8942420bf6,0.00113801255327
39.83253865-80.00721821---2010,6bb3becb-ca34-50c8-8faf-4f8cf122a403,0.00254795910462
41.68632612-78.63485566---2010,062b02e4-3327-5e67-9245-9ca2333e3c41,0.0107648297147
40.13887433-79.76408782---2010,701fe067-af90-50b8-9120-7248133e733c,0.00164151199392
40.85692388-79.53764838---2010,95b6a4c2-beb5-504d-a247-98830c302585,0.00613761304465
41.88961484-76.96656079---2010,59334cec-3734-5672-8db1-8db955134f79,0.000862195835207
41.69720885-76.97188131---2010,5d0d6a9c-e914-561f-b428-30ca1184904c,0.0048587784557
41.15030622-79.21690094---2010,0d328fe7-6915-5f55-a508-0c08a603520d,0.00113634079501
39.89646635-80.12498833---2010,19919679-adef-5e58-8f57-80c03515e711,0.000225683719079
41.76635523-76.10476595---2010,6d9bdfd1-d043-54e0-bdc9-39bbce3d2fdd,0.00106027389641
39.93850447-80.26506164---2010,31579713-1f0f-5a33-9cfa-ae67342cb92a,0.00296139773395
39.81933624-79.97588276---2010,c1dd85bb-4a01-5c7c-8929-7ee488d4ef04,0.000942066062452
41.02550384-78.8166082---2010,4c6624eb-dc64-59eb-ac7e-80d50beeee5d,0.00100771320006
41.67095891-76.97124116---2010,9745ac0d-a851-5a86-b094-022cb3774255,0.00211275015834
40.14879202-79.35108432---2010,9d7cb41e-6c6f-5e3e-8241-ec6c6976ab42,0.000712510094895
39.73964112-79.43981236---2010,a9e9106b-5aff-5dcb-8cd2-69a5af4a5d4b,0.000765916032615
41.93102836-75.8666897---2010,677b7af8-3f8e-5774-a981-446339b92757,0.000360731783467
39.83390855-80.02378004---2010,f03037c8-ac67-55ed-8886-98b584cc1c30,0.00036622659638
41.68881912-75.9711051---2010,ff085380-1259-5e28-b909-67285943cb99,0.000514167817358
40.85937927-79.55366639---2010,be5bc4bf-9238-58a3-81cd-23137937f232,0.000963334253045
41.59068868-77.97003156---2010,41e9a4ca-5ae0-5b66-a4ef-8baaea8c8069,0.00233803416767
40.81245617-79.57503563---2010,0acb0d25-da06-51ec-bcc1-fbc724ee07f8,0.000161898869517
41.68795183-77.40844072---2010,1ccc63d5-11d3-5905-af4c-9acf8a2b257c,0.000717723945729
39.72552639-80.04259428---2010,218ef9e2-1f8b-5dc4-a6d7-630a076af874,0.0011951742019
40.6769354-79.75033952---2010,aecec267-4bf0-5715-8c60-4fc54b2ff40b,0.00181257752244
40.45491081-80.34097842---2010,49f5e302-bb63-50b8-bd14-6c5d23632c78,0.000367469869677
41.79998273-76.96788332---2010,5d9f00f1-6e0d-57cb-b6d7-b301a89757f5,0.000345109121952
40.44527186-79.07821975---2010,d879be76-6d98-59b6-93e1-fd4507775a80,0.000974502642472
39.91934092-79.97874957---2010,d689e865-7ae2-57db-a436-9f57742acf87,0.00129670057116
41.7734749-76.99816577---2010,5a468b81-b769-5ff7-a0f0-0af5ac31cc16,0.00417927547255
41.58751814-76.86065433---2010,0719800c-f757-5c05-90a0-ca47c3a7e0d4,0.000871624040721
41.19514547-77.68734496---2010,aec414ea-21c3-5680-b430-3dab8e19f7a8,0.000364692444832
40.43423571-79.07618596---2010,100758b1-b746-5450-aa4d-87dc7d4d0a5a,0.000553046083097
41.88491092-76.10579435---2010,a0092d94-1490-53af-ab35-f06b321ee7c9,0.000179039852826
40.21706055-79.70281147---2010,528eed08-4a4c-5722-914e-1a81e0907d4a,0.000549987379587
40.74787778-79.50736836---2010,9171ee50-d466-5e7d-b95c-56bb92f800e9,0.0021286742418
41.63734605-78.29997535---2010,c829d21b-7cf9-593d-a710-b90892d07717,0.00250094662026
41.71327605-75.88640443---2010,d06884f6-7dc4-580f-9c44-1cf744ae235d,0.00169263181839
41.98919243-76.98618556---2010,bf599014-6c67-5ea3-8323-6eab1909ede3,0.00472550687376
39.86415722-80.02795354---2010,6ddeb482-4b9a-5697-9448-48ea29dddc13,0.000447324470917
40.2506242-79.75071645---2010,404dccfe-2b3b-5a57-8cc3-15503cd7307b,0.00518564692306
40.0891231-79.97404554---2010,a6c7ed9f-3dd0-50db-9f59-316992d124d6,0.000956706686637
39.97984743-80.06872946---2010,ffa4f3bf-92ed-53d7-bbaf-014380e660c7,0.00202377967543
41.2724851-76.63656628---2010,0886edd1-bf8f-5edd-ad0d-cad57a359db0,0.000280823053093
41.41245831-78.27553057---2010,53529efd-283c-54c2-8dff-97d75efa4999,0.00586210610798
41.74066568-77.15701428---2010,aec52a81-04e1-570f-b6b2-7235de9ac6cd,0.00324305988226
41.54943979-79.16499408---2010,e8908601-e898-5a89-b90f-0cf6a4311ef5,0.00103425279666
39.98579775-80.11751711---2010,8cd5c0a3-7fa4-56e0-b7b2-f284905990c4,0.000882303525113
40.67667459-79.38270224---2010,a6f447b7-5eaf-580a-93df-4cc29d502a41,0.00168803639775
41.44699802-77.01045236---2010,8effe4e2-6cff-53cf-8b27-d118c738b1a0,0.00119078081258
40.26301299-80.46514138---2010,042d0de7-9ccd-538e-bbc4-d8bc11971d68,0.000473858264789
40.33660302-79.35968229---2010,893d0cc4-558c-501a-9ac6-807075dc0614,0.000968646883791
39.94255898-80.26449459---2010,31579713-1f0f-5a33-9cfa-ae67342cb92a,0.00117590926606
40.43916619-79.07734831---2010,100758b1-b746-5450-aa4d-87dc7d4d0a5a,0.00561134920991
40.15541041-79.74779214---2010,a893e26f-33c0-553b-ac23-a594896ef0ad,0.00171752430213
39.94513534-78.89488172---2010,65a25cde-4771-587f-a747-79239b8541a8,0.000310642145691
40.00824709-79.64998803---2010,86ea0098-51cf-52de-897a-5ff0e19af72e,4.06420244999e-05
41.07465415-77.80074224---2010,c6c725d0-9c99-5a30-86af-627ec833a21b,0.000386156445467
41.74414638-76.55067432---2010,02db922a-c1a6-5969-9422-6ce2b4f8c2f7,0.000822302754055
40.22926342-80.32374456---2010,dbc2d9fe-a580-5ea8-85c0-1d5b63451596,0.000523108151777
40.18956688-79.93649792---2010,b0416085-5f11-5867-b5a6-22d232d6f3a4,0.00101942344989
41.95818232-77.607666---2010,23271ac6-10e5-555a-b8f8-ca0918464d0c,0.000237191700501
41.23296208-77.75808249---2010,7fa4591d-30bf-542c-a231-7017c458f7eb,0.000440037188843
40.84899311-78.24517303---2010,a8d17d8b-5722-5410-96df-8c52641a37b4,0.000992057813436
41.00082651-79.79132238---2010,3e6e6065-2465-5ce0-8bf4-9b5865c780cc,0.00108236492457
40.78418049-79.67405434---2010,936a824b-5f56-50f1-aea6-53298bfff2c5,0.000832356621753
40.33713788-79.3596032---2010,893d0cc4-558c-501a-9ac6-807075dc0614,0.000583531697572
41.7168018-76.19461946---2010,13e1e27d-ddd9-5e04-b5a2-a5d4c44e3f44,0.00813222845656
40.07572627-80.24520214---2010,ff7ce21d-b91c-5085-b3b3-394a2051d59a,0.000483990900578
40.45423238-80.34533588---2010,c403cea5-4cdb-5a65-8d2e-33064ae374f7,0.0019630701816
39.81632023-80.0226037---2010,8b7eccd9-cb8c-55ed-b9ec-3d720d1b1541,0.0144654221994
39.94883223-79.8299432---2010,7a1e22ac-2dcf-57b3-b92d-c111ceabcf13,0.000899853781213
40.82596239-79.3298277---2010,f03ef8f0-bf86-5512-90ef-2a96749e95d6,0.00386763711993
40.15153326-80.25299---2010,f91c0b9c-6a77-531b-996a-370f216bbbec,0.000403114079606
41.19226907-77.59656751---2010,fdb062ba-61a0-5013-ab7a-f5e8ef8a1411,0.000242023083993
41.4162985-78.2492672---2010,67bdd1fe-6e5b-5ecc-8c8b-b39c13b28b1e,0.000839086912784
40.70599289-79.64320039---2010,154131f2-f607-5d8b-9d00-4879335d47e1,0.00131495056816
40.75284093-79.78299325---2010,452609a1-83ec-5a75-987f-12ff7f770879,0.000786404810007
39.81888211-79.97574518---2010,c1dd85bb-4a01-5c7c-8929-7ee488d4ef04,0.000941594700251
40.51196606-79.18608886---2010,294979f5-9b2b-5698-99a9-6a15b266edea,0.00143288011252
41.71317749-75.88486117---2010,76374ea4-d046-503f-9246-5ed8b9e7c7ee,0.00149223724423
41.6730523-77.60739652---2010,51769f65-6e02-5cb2-9f54-e13d61c8ac27,0.00129891975294
40.67503289-79.75212756---2010,3e906506-59e3-528f-aad5-7319f2248109,0.000831950360315
41.57725209-76.04366521---2010,66bd0247-4b42-536b-94f7-a8d6072ffb98,0.000734309661896
40.32981746-80.28393838---2010,3d53f2cf-a0dd-5bc4-8bb0-6030364d9883,0.00226483659912
41.73383282-75.94050222---2010,264c5562-a18d-5815-8b47-130f6d0a4d07,0.000136246544179
40.21488326-80.49490505---2010,ddcca452-4e64-51b2-9134-f42f7c50e175,0.000413191071217
39.83161428-80.0068659---2010,6bb3becb-ca34-50c8-8faf-4f8cf122a403,0.00181509036966
40.16232771-79.34476011---2010,381d7a29-8346-56bb-aa08-3a25bdbde244,0.000439090708849
41.09122112-77.95532929---2010,a61dc896-a7c2-558d-b445-1ceb8ce59172,0.00113992224006
41.6131101-77.8761851---2010,dd58c7e7-f6ec-586a-bc9d-c6b1bd46991b,0.00164587191427
40.77481885-80.1843121---2010,8066e299-7bc1-5999-ba2e-42a8995c67f3,0.000443478159018
41.3811567-77.5280268---2010,bb6e1691-ce79-585f-81a0-6d6b16f93ca3,0.000357658783708
40.10278046-79.79266108---2010,5e25a264-e737-5dfd-9ba3-ac0e4fa90bd1,0.000784888158246
40.239712-80.46588705---2010,5fbb2453-2d20-55ba-828e-4d1510413973,0.00118840726248
40.13884405-79.76345108---2010,701fe067-af90-50b8-9120-7248133e733c,0.00145637227156
41.07363981-77.98320739---2010,23d4eb70-43df-5e02-ab48-d5cf1ceb62e2,0.0023406257427
40.15109618-80.4162676---2010,e8779aaa-c642-517e-8750-860551f8ce34,0.000533462718896
41.45630018-79.29782916---2010,05f00c07-b169-5ce1-b0cd-3970cc6612f3,0.00450981760735
40.28191497-80.24545705---2010,af7e4d9a-3fb1-5bb8-bcff-f148dee2d18d,0.00694233787795
41.85113352-76.91725939---2010,76f89d92-798d-5a12-9caa-12b71b9da306,0.00150407746476
40.32974597-80.29903754---2010,1c4c5f0d-c457-52a0-bbff-aa486aec1463,0.00353943229919
40.08641231-79.83622035---2010,e89ff8b6-4316-53c6-abf6-b6f8c907abe1,0.000221277283321
41.63186772-76.4179037---2010,985b986b-6161-5aa0-8ce9-7c4b1c7713af,0.00362411241111
41.09125859-77.96995463---2010,05ee37b0-3e11-53ec-a522-ae8ba09b3d4f,0.000523967524653
39.73237915-79.98119046---2010,903b07e6-8505-5e85-9e60-fef2c86ff8ac,0.00520227101571
40.65745088-79.78171099---2010,6d873861-94a0-578a-868a-ee7710372c79,0.00077101977568
39.85098244-79.85907766---2010,adb6a42e-2901-5ba0-a15c-0b0b303238ec,0.00489645898811
41.7633651-77.11684116---2010,d8ee9af7-76d9-5a31-9075-580ded527650,0.00045630572204
39.98569351-80.28011807---2010,b09ff3f1-25cc-50a2-a2d2-1a4ec00eef7d,0.000787083241365
41.72829999-76.81689656---2010,bc9f9ccd-dbfc-5dfb-bb91-4bc85a4d57d5,0.00121043409643
40.8229513-79.32784097---2010,f03ef8f0-bf86-5512-90ef-2a96749e95d6,0.000362093707694
40.2255605-79.75154049---2010,8c0c7ea9-aa01-5d89-b7b2-32c27989acc3,0.00169234622655
40.60470965-78.96047639---2010,902b0812-47c3-5314-a4e3-21d45dec0ba6,0.000227743559341
41.89030988-75.93806338---2010,4704e898-e2f2-54f3-b894-8b73473fb0be,0.000313874709101
40.24957217-80.26176811---2010,c2770f51-361f-5ecd-8e37-cc1bb54beb08,0.0016818646528
39.88584386-80.04487973---2010,b955ddb6-48f0-5238-bffd-52e15d918c87,0.0014009724364
41.45978737-79.30156702---2010,05f00c07-b169-5ce1-b0cd-3970cc6612f3,0.000901210284183
40.85911039-79.52759237---2010,95b6a4c2-beb5-504d-a247-98830c302585,0.0113272463776
40.26947395-80.301519---2010,c897e99f-da90-5cf3-9d36-2c396576b18d,0.000288935188843
41.25856103-76.57863782---2010,77888868-663d-59a2-8597-f269fd467b2f,0.00133890702627
39.90874799-79.94845942---2010,172886dc-1903-59e2-b128-2dad7d11b784,0.000346228451988
41.22337845-76.63008894---2010,7773d210-40c9-5e10-8ab7-95958cfef53a,0.00183015064376
41.71371793-77.29058574---2010,1fd6b9c0-d059-5ed4-a225-65e18db4be05,0.000783276627576
41.6540354-76.30493142---2010,78c0a4f2-70c4-5f17-a83d-35c53ee15db5,0.0053050005076
40.85049988-78.66115218---2010,f78971e0-ff6a-5153-8da7-ac77e3eeff07,0.00111771098736
41.25794361-76.57863276---2010,77888868-663d-59a2-8597-f269fd467b2f,0.0018579725383
41.27647534-77.27826882---2010,0db8e646-f536-5d87-a2f5-41a2460965f9,0.00592446655435
40.00062704-79.70040184---2010,3265a9f2-22cd-55f9-a572-5c3d1594eaa4,0.000379404213557
39.88513395-80.04444644---2010,e7479c4f-8e0c-5c93-900e-8598daf5b365,0.00128925628265
39.86846336-80.01196749---2010,ef986a01-79cf-5c7b-a940-ae3d8bfbecda,0.000980902200596
40.79195952-78.62067689---2010,30f10b94-9595-5f9e-9e54-631097b682fe,0.000385162430772
39.97959106-80.09288755---2010,c3b499f1-1e75-5fa8-a666-09a278adb681,0.00155419191277
40.24242586-79.7821916---2010,cf4e6b01-60f7-5afe-b981-dfd2f80b2b29,0.000411860529701
40.18895662-79.93539539---2010,b0416085-5f11-5867-b5a6-22d232d6f3a4,0.0021351560785
39.91100227-79.95345193---2010,7e16fabb-4fe8-5c08-95dc-014b6e227b4b,0.00252230037481
41.73869704-75.88543573---2010,a5bb6036-bde9-5c35-9b84-a81b56fe167f,0.000162168165699
41.76484705-77.12836394---2010,f9351f58-dbca-5ac0-856d-cf8ec5e5e07f,0.00201347334358
39.9483079-79.83015436---2010,7a1e22ac-2dcf-57b3-b92d-c111ceabcf13,0.000502253813188
41.336962-77.15795152---2010,e21d0196-dfaa-5f62-a567-67a8050fe2bc,0.000426784494486
41.29818307-76.60649645---2010,0396ced2-6638-5adc-b8bf-ae1a7c5f372a,0.000299897660869
39.81754537-80.28588783---2010,bed0e9fb-1c5f-5832-8d7f-9b9d3a18705e,0.00238541473313
39.81480722-80.03870042---2010,a32415ec-19c4-50f0-9dfe-87c78701b0a7,0.000561915583259
41.69060148-77.57619937---2010,befe8ddd-a4b3-5e46-8e84-1af125220ff5,0.00122774772035
40.82636601-80.05045786---2010,e7034a48-efe2-508f-8274-03f596d58477,0.001125340169
41.74933987-76.80521993---2010,e8c61813-9f99-5c3e-b47d-4f99c42caf05,0.00150092069137
40.25125022-80.32357221---2010,25b5df88-ad53-5775-a476-4e55782248b6,0.00078432202829
39.95227674-80.09892007---2010,b863c790-187a-5ceb-82fe-bbdb503db264,0.00302941624632
40.2258679-80.37965173---2010,2935e0c5-ee81-5569-b005-56bc8d04fe29,0.000423892431268
40.69452699-78.91548403---2010,95c57660-06e0-5298-a382-9613986411f4,0.000386616334675
41.69431913-77.11968935---2010,b90bfd9f-2755-5049-aafc-01b83a68276b,0.00179579885656
40.45390771-80.34476233---2010,c403cea5-4cdb-5a65-8d2e-33064ae374f7,0.0013245905535
40.99863522-79.44749652---2010,eb469718-a2fb-5974-83e1-1a9cc5dc0f97,0.00110739820477
40.8341115-79.67303741---2010,a722f5b7-a159-5598-8a8b-dd3bac6b396d,0.000211418547025
41.09131229-77.95594466---2010,a61dc896-a7c2-558d-b445-1ceb8ce59172,0.00121104151483
40.35477711-80.28065228---2010,32280908-b828-55b8-87ae-a23cd2453803,0.000371141238464
40.4458533-79.0780235---2010,d879be76-6d98-59b6-93e1-fd4507775a80,0.00085756248723
41.04252607-78.08458033---2010,17bfa0a8-c032-57b3-a23a-4fd7f166ba5a,0.000359274422259
41.00083698-78.85745405---2010,3711f066-e275-5c65-b006-8c60f4eaf4b2,0.000304744662526
41.72552409-77.40672586---2010,6e7e7ea3-e360-50bc-a6dc-8574baeb4a9c,0.000947085875073
40.15570513-79.74838084---2010,a893e26f-33c0-553b-ac23-a594896ef0ad,0.00136966112164
39.76773772-80.00426081---2010,8af0d0cb-0183-5dad-a982-07648c9ed736,0.00177872156376
40.00975219-79.63225161---2010,06c4a8a2-37b3-5548-bc75-9e6446120a4e,0.00131045808136
40.2797649-80.47662275---2010,d5212ce1-ffab-5feb-ae0b-515d96772e28,0.00475490024684
41.61528194-77.87558073---2010,dd58c7e7-f6ec-586a-bc9d-c6b1bd46991b,0.00110535925984
41.9065913-76.92469196---2010,def69ddd-d528-53f3-aa69-60ee4e4fe1a8,0.000620197491503
41.29860984-76.60594763---2010,0396ced2-6638-5adc-b8bf-ae1a7c5f372a,0.000479519077443
41.641664-78.36656862---2010,3bbbe962-176c-58de-87c8-e42d9bb19c0b,0.00556201528357
41.41412872-78.27145555---2010,53529efd-283c-54c2-8dff-97d75efa4999,0.00248112381332
41.72539025-75.90889819---2010,10ea8e44-1290-5765-81dd-00a0908979f8,0.000458063924142
41.98862427-77.01495221---2010,795a3a85-e467-5c5d-b449-6f415ba21ca9,0.000347703726989
39.99637426-80.2785495---2010,80ec99be-474b-5008-928e-47d52afd1cd4,0.000609919710704
39.99627288-79.80489434---2010,1df0746d-b628-59a1-9e4d-28794e2d2623,0.00323487117932
41.76192789-76.80303391---2010,28555bd6-4db2-5a62-842a-c83f6317be5b,0.000890641791176
41.52977928-76.6824567---2010,c830395a-3165-5831-b92f-a8893f45e457,0.000798821006512
41.7945778-76.58616212---2010,47473b34-441c-59a8-b656-bc9aad0e6407,0.00207310782508
40.03395705-79.18399969---2010,7f403d8f-9bfc-5166-a861-14ec27036220,0.000918151507162
41.70014261-75.88977707---2010,fdb95928-2aca-542d-8631-c7d8cd433492,0.000686550820932
40.11632996-80.2257486---2010,f5a4c3a9-d92e-531c-b128-991f152e779c,0.00242256375151
41.57692137-76.02810419---2010,86834d28-b2e1-532f-af08-515f46b3ccbe,0.00146289806471
40.21200154-80.36211026---2010,42ae4815-6d54-5741-8fb9-5bef908ddc94,0.00725388378014
40.72731963-79.61551984---2010,62d7de25-2b1d-5805-8e18-520fabbb31d8,0.00102906179884
41.13112777-77.88897192---2010,dcf4144d-e017-5c6a-9b40-b239514c7178,0.000357066830705
41.9890754-77.01380716---2010,795a3a85-e467-5c5d-b449-6f415ba21ca9,0.00154586129458
41.76908107-76.99828918---2010,5a468b81-b769-5ff7-a0f0-0af5ac31cc16,0.000254624126244
39.72600241-80.04198286---2010,218ef9e2-1f8b-5dc4-a6d7-630a076af874,0.000420493975225
39.93979886-79.22942763---2010,2fcd37cb-be4a-5d27-9778-8b16dd307e86,0.00157263418284
41.68586655-78.62529689---2010,062b02e4-3327-5e67-9245-9ca2333e3c41,0.00151337588961
39.84051723-80.08721094---2010,f126a067-26e1-5537-869f-a7afadd0e8f0,0.00137428022003
40.06659602-79.94699296---2010,0bd0f3af-62b4-597a-9331-73b80cfd3834,0.000469762391868
39.94591756-80.26432765---2010,10240a03-5ea5-5a9a-a76c-d44f6d0841ab,0.00133751188008
41.24414101-77.97771386---2010,5467998f-1628-5f7e-a3ec-cddb836fd6b5,0.000386547306032
41.78930405-77.01900564---2010,58144798-2a82-5261-aa21-ea24c00d91dc,0.000732476597248
40.33704161-79.36107977---2010,893d0cc4-558c-501a-9ac6-807075dc0614,0.00110839777481
39.7698366-79.88963102---2010,07908d2d-8c0a-5ff5-82e6-57bf146972f4,0.000953905295508
41.73482509-77.16418868---2010,ee305593-9e63-569b-9f94-a5506659ec14,0.00121747470064
39.8184915-79.97667404---2010,c1dd85bb-4a01-5c7c-8929-7ee488d4ef04,0.000352699640983
41.72314628-76.24609356---2010,7f6ef188-d732-58aa-8f93-339f10b0d6eb,0.00023304049433
39.86730135-79.99292207---2010,318839d9-25b6-5e40-ba05-2aca9ce35849,0.00122297157576
40.28474229-79.70169762---2010,727fdca4-69c3-50fb-94d8-ac533c73050f,0.000544383044908
39.89776211-80.28662898---2010,191df08a-aad3-5a6a-8b74-5abd117b4a11,0.0019889229458
39.97218269-79.8266529---2010,a6ebaffc-79b8-59ff-b771-32284dcb1b3a,0.00829070649072
39.77203563-80.00584467---2010,ab1cbb0f-feba-54e8-a6af-cd8763e1368f,0.000557592454781
40.80314687-80.06509412---2010,a5cf21ef-9357-5070-a8a2-de053e9ebecb,0.00290109280054
41.77080612-76.1029493---2010,0ebc4944-0bd9-5290-91e1-06cea9174d78,0.00109680195343
41.7979444-77.24428702---2010,29de1ea3-4f27-5923-865c-a32087965539,0.000716703380163
40.09140398-80.2275632---2010,d6050f84-0599-549b-bced-e6eab5321067,0.000288970161259
39.86292683-80.02699945---2010,6ddeb482-4b9a-5697-9448-48ea29dddc13,0.00144590070781
39.82530378-79.95520076---2010,492a5a15-2910-5fc5-a8bc-2aff1c1fc29d,0.000469046260693
39.73255495-79.95728005---2010,6c61de29-f8b7-5f5f-8620-347dde7c6794,0.000509382037666
41.77235038-76.80353716---2010,b6664ef2-320e-5f59-9c79-98fe541f08bf,0.00120728938122
41.59227343-77.09466106---2010,900ccfeb-449d-54c4-bd80-86cfef113425,0.00101062554576
40.273234-80.2579745---2010,1c7ea229-9bb6-53a8-93de-ed3342979c45,0.000394821121164
40.09325247-79.96790668---2010,a6c7ed9f-3dd0-50db-9f59-316992d124d6,0.00804846385563
41.33508868-77.16453874---2010,8377a3a4-e182-5f60-8a98-1a7fb73f04e8,0.000228085960354
39.90535741-80.14390567---2010,edf230d1-0156-5038-b031-d29e8680da69,0.000969604613434
41.74067587-77.1551089---2010,c1316b49-5645-5b98-b71b-61651d026d2b,0.00251247199419
40.232-80.34122789---2010,55065d23-6003-5a66-af78-2da29130e181,0.00330650085249
40.0203788-80.16605805---2010,9c0dc269-7ef4-5c02-9931-10547db420a0,0.000335732895289
41.77683995-77.14533659---2010,277ad7c2-1890-5ce9-a924-d5425ce42d79,0.000768598366355
40.2051495-80.42110816---2010,63355a58-07ec-580d-ba99-d293d79e7638,0.00201633884917
41.67398984-78.25532752---2010,389852ce-9166-54f2-814a-d476063489c7,0.00322473201891
39.87921966-80.38222772---2010,20013aa9-b214-5fb0-b08e-1901929dc780,0.000333967698913
39.95858643-79.84020117---2010,d3bdacfd-aad3-5140-998d-53e9a78efb80,0.000173402339743
41.41561664-78.24833059---2010,67bdd1fe-6e5b-5ecc-8c8b-b39c13b28b1e,0.000373182895848
41.78228182-75.92562673---2010,1baa45d8-2319-5e9b-91b2-aaa55e10007f,0.000335477839537
41.84286981-76.95844906---2010,0e179665-3c7a-5d70-b16c-3bc5510ac948,0.000799591049697
41.85038693-76.91885643---2010,76f89d92-798d-5a12-9caa-12b71b9da306,0.000294865282754
40.8774897-79.52147046---2010,6381a0d1-ecda-516e-9dcb-5eaf414ec726,0.000354696338562
40.01809718-79.73062978---2010,6026d858-d4db-59ed-a9d8-6a566b6d9544,0.000216963385501
41.41487876-78.27182225---2010,53529efd-283c-54c2-8dff-97d75efa4999,0.00178316825588
41.27089234-76.65960977---2010,e162b6da-2379-5ff5-80c0-99c03f72324c,8.12354106694e-05
39.89685113-80.06869313---2010,8f359747-86c4-55e1-a3f2-de048fbf1e3d,0.000884697054106
40.14905421-79.35000192---2010,9d7cb41e-6c6f-5e3e-8241-ec6c6976ab42,0.000460038912956
40.43387164-79.0709601---2010,fcd50a4d-cde8-55ea-a78d-246dd0f07027,0.000486241964914
41.25341173-76.4995596---2010,00eda2ee-fe50-5910-9cbe-8d1c645559f1,0.00375405053074
40.86245281-79.77236412---2010,f4a1ef08-ef90-59c1-a6c8-78e26eade4a9,0.000537449276493
41.33309819-77.29104603---2010,58b7effb-8c7a-5b08-b553-568c9001ab71,0.000455401772927
41.36938555-77.55904077---2010,45d760c4-1e1c-580c-8063-2fe03a246be9,0.000419008413117
41.84816231-78.15678804---2010,143d5620-3f6c-53b8-aa7b-6b466069a136,0.000689153782599
40.12374252-80.21723332---2010,031b424f-b566-55aa-a00f-657f805007a0,0.00159371870773
39.74023177-79.43963361---2010,a9e9106b-5aff-5dcb-8cd2-69a5af4a5d4b,0.00015167203799
40.12917083-79.77746773---2010,ea2b33d8-fd52-52e6-a036-413b2f3cf61d,0.000461277288544
41.35325586-76.57208275---2010,0a6d8d4b-4c7c-58c4-b3e8-e136533ee723,0.00101371983435
40.99968583-79.44815442---2010,eb469718-a2fb-5974-83e1-1a9cc5dc0f97,0.000314425105459
40.020697-80.16819484---2010,9c0dc269-7ef4-5c02-9931-10547db420a0,0.00221049204524
40.28486243-79.70236033---2010,727fdca4-69c3-50fb-94d8-ac533c73050f,0.000466978774597
39.93779321-79.46923809---2010,864b28b6-45c2-5c7d-a87c-8583cb7b1f84,0.000273221889215
41.0014008-79.79088438---2010,3e6e6065-2465-5ce0-8bf4-9b5865c780cc,0.00108427524252
40.3061732-80.23391558---2010,ff722dfb-0752-56ff-9633-d8318133ed33,0.000429828400291
41.70454434-77.53218957---2010,b766298a-3e2f-5114-af96-119e110be360,0.000955241790666
39.91356568-79.95135505---2010,60f48cf5-3316-5f2d-be69-e4b581af5bc0,0.00103594342068
40.0107192-80.01798107---2010,7415c6fe-94e4-51c8-8a58-325bad83b3c1,0.000622982898463
40.6746917-79.75145768---2010,3e906506-59e3-528f-aad5-7319f2248109,0.000421158250041
40.83876284-80.05462967---2010,e9666f75-61fb-5e0c-8812-6eb1517345b2,0.000337845410236
39.96819979-80.11052374---2010,22044b09-54ba-5f4b-ab36-3ddaa42e5865,0.000459897047172
40.17833898-80.40645807---2010,47ea359a-1f22-5622-908d-6d0dbbcda56b,0.00129676333969
40.01230528-79.87810432---2010,808304fe-7469-5f31-8fab-87ead724562f,0.00185708851619
40.24498766-80.28086853---2010,90eda133-b64e-5faa-9d3f-d04e7efa6d6f,0.00203794938378
39.88312444-80.04688338---2010,e7479c4f-8e0c-5c93-900e-8598daf5b365,0.00189053038498
40.11653958-80.22857461---2010,f5a4c3a9-d92e-531c-b128-991f152e779c,0.000486087557052
41.76505537-76.69477604---2010,e945163c-34a0-5b40-be36-b9cc65f4e37a,0.00379703636519
40.08956256-80.22754523---2010,d6050f84-0599-549b-bced-e6eab5321067,0.00179021095956
39.93805883-79.46981519---2010,864b28b6-45c2-5c7d-a87c-8583cb7b1f84,0.000791067989165
41.63738007-78.36944803---2010,3bbbe962-176c-58de-87c8-e42d9bb19c0b,0.000550511821516
39.93572783-79.85304138---2010,f1e767f1-24fd-5129-b9b6-8363bc0b0bf0,0.000751555658418
41.67105853-78.25402161---2010,389852ce-9166-54f2-814a-d476063489c7,0.000299872383818
40.83569818-79.55332215---2010,a0adb300-519d-500f-902d-0b28130fcc7c,0.00123290798107
40.15455787-79.7496594---2010,a893e26f-33c0-553b-ac23-a594896ef0ad,0.000348671229003
40.1316432-78.76231906---2010,c07bca14-aa84-5bfb-8169-5c1e488906ed,0.000431181066743
39.94607841-78.89396178---2010,65a25cde-4771-587f-a747-79239b8541a8,0.00129083169791
40.29134473-80.2479913---2010,428e5f3b-3e22-5d1e-8789-4e62cd773204,0.000366602144818
40.00017422-79.66097548---2010,993532d7-e57f-58d1-93b0-8c63cea41c5e,0.000399427467017
39.95296472-80.09291201---2010,61e053e8-2be1-541b-ab37-abf56bbf5aa0,0.000395425382031
41.30637336-79.34708387---2010,5e302671-e88a-5b2d-86b7-645d1e8dbe2f,0.00264017046455
40.43903423-79.07292307---2010,fcd50a4d-cde8-55ea-a78d-246dd0f07027,0.00596002614695
41.3077516-76.66889109---2010,8ab1487e-52a0-5de8-9e29-8edaac76283d,0.00057674108575
41.69929322-77.54745456---2010,0bc3885b-17af-5063-a689-47155a02674f,0.00104845803081
40.78289596-79.50409419---2010,dffdd2f9-9238-5f9c-bfcc-2d30668ab35b,0.000829200654657
41.04648878-79.3463486---2010,66049df0-9dea-5c88-a3d6-e93d70f9c94a,7.55409072008e-05
41.72493196-76.78195564---2010,a7daf693-0a44-5d55-b574-6c95eef7d05c,0.000801009819658
40.35358347-78.56591088---2010,f2707d2a-2e47-5103-8771-4744815f9798,0.000333521123496
40.63006236-79.36724996---2010,bd23cd36-551c-52f5-a034-318522de0f8d,0.000287795454602
40.64888237-79.77792921---2010,63c4255c-f87d-5e15-ad65-bbee0b25d141,0.000311364739487
39.95207325-80.09204552---2010,61e053e8-2be1-541b-ab37-abf56bbf5aa0,0.00161494026464
41.77122126-77.15446916---2010,ef967a9f-51fe-515b-aafc-051640c5b16a,0.00145960014303
40.19614716-80.35208092---2010,b30068f9-9b68-5b32-b5d9-34b7e57a4399,0.000325979734288
41.67649614-77.3462439---2010,db3dfa30-4215-504f-b8df-0c36a3fb1a28,0.000272413612836
41.82507163-76.98425921---2010,3bd729db-68f7-5641-a536-f9b19d2dcb78,0.0012181868974
41.63704846-78.29905111---2010,c829d21b-7cf9-593d-a710-b90892d07717,0.00153028931157
41.85042579-76.91775905---2010,76f89d92-798d-5a12-9caa-12b71b9da306,0.000932758740526
39.88414623-80.04915014---2010,aac51b26-e563-53db-bb2e-20e3193fd799,0.000765304907253
40.82628991-80.04966839---2010,e7034a48-efe2-508f-8274-03f596d58477,0.000338145877848
40.25529999-79.7608976---2010,07eae775-2715-52e3-b126-70aa314a0a88,0.000506481887363
41.69383868-77.36083929---2010,4ed45832-cc31-5d44-abf9-96f96de0d409,0.000715552270618
41.7656174-76.10378413---2010,6d9bdfd1-d043-54e0-bdc9-39bbce3d2fdd,0.000425739635108
40.23145306-80.27275531---2010,770204c1-7411-5922-9164-ba83d0bbff2e,0.00503518627896
41.28050693-76.63923069---2010,3ea63c7f-1e64-5fee-9dbe-7cba24524817,0.00811903695449
40.10247817-79.79332462---2010,5e25a264-e737-5dfd-9ba3-ac0e4fa90bd1,0.000377215528595
39.9385239-79.9680123---2010,cba0701c-48c3-51db-a313-69c8e69544f5,0.00120732883967
41.56037772-77.06983865---2010,b955eafa-389c-5241-bcaa-18da3ce9a634,0.00107515304649
40.21753741-79.70314231---2010,528eed08-4a4c-5722-914e-1a81e0907d4a,0.000504300660167
41.02675789-78.81655876---2010,4c6624eb-dc64-59eb-ac7e-80d50beeee5d,0.000644542907059
39.92786633-79.96183015---2010,ce73b089-1ba8-59d3-a53c-f420001306b3,0.000509517175043
41.70065393-75.89015672---2010,fdb95928-2aca-542d-8631-c7d8cd433492,0.000381719849235
40.24295203-79.78245311---2010,cf4e6b01-60f7-5afe-b981-dfd2f80b2b29,0.000505986167158
41.27199045-76.63786027---2010,0886edd1-bf8f-5edd-ad0d-cad57a359db0,0.00122576374742
40.09242755-79.96772869---2010,a6c7ed9f-3dd0-50db-9f59-316992d124d6,0.00770260504481
39.73368365-79.80034339---2010,bacdb174-65bc-5345-9499-593e459f6192,0.000787725779778
40.74732832-79.50734575---2010,9171ee50-d466-5e7d-b95c-56bb92f800e9,0.0016348472385
40.24524036-80.35034492---2010,e3c106ca-f0e9-574c-998d-c3011b6c9425,0.00353977022093
40.86085134-79.57862335---2010,6b6d72eb-cb9b-5b0c-ab64-9d0b6cca4a15,0.00140117037942
40.3366787-79.36549745---2010,893d0cc4-558c-501a-9ac6-807075dc0614,0.00549101278498
41.68056844-77.5804269---2010,85547453-a86e-57a5-8b14-ccac8b61365b,0.00086239076097
41.71838472-76.85416378---2010,f8a0c29e-1fae-53f6-914b-22d165ed682c,0.00142916473747
40.74576185-79.50848879---2010,9171ee50-d466-5e7d-b95c-56bb92f800e9,0.000400907338805
41.69539104-76.84205516---2010,bbc07f37-7fea-5e9c-9cc2-eecf4a71e45f,0.00110867895587
40.28590959-80.34965786---2010,13f008fb-97b0-5074-bf65-bc5ce51efed5,0.00213202433529
41.7170809-76.85443084---2010,f8a0c29e-1fae-53f6-914b-22d165ed682c,0.00163926698118
40.24128016-80.36497016---2010,a31d8807-2456-50ab-a983-47d491a28160,0.000418848563396
41.81572259-76.89572884---2010,4ca55d51-9fb1-50c5-9e01-6ccc356d7953,0.00105168590524
40.85838281-79.54036373---2010,95b6a4c2-beb5-504d-a247-98830c302585,0.00512318561967
41.7512051-76.83856235---2010,c9a90372-2b15-5acd-a180-e76812ec6ea1,0.00107455741238
40.00971848-79.65028017---2010,86ea0098-51cf-52de-897a-5ff0e19af72e,0.00146881770809
40.29606644-80.38187161---2010,85b92c7d-80e4-5793-9340-fe8a7084d529,0.00383437276689
41.7866688-76.23106707---2010,6ec9d418-5294-5353-9a44-c58425ad1592,0.00030517917328
39.99172192-80.28696004---2010,8a9017f3-f88a-5a5e-9110-c9e149f3a244,0.000736626946528
39.85072445-79.85994557---2010,adb6a42e-2901-5ba0-a15c-0b0b303238ec,0.00499437517581
40.01608693-80.07417118---2010,5d7b415d-90b9-5c31-9020-1bbbebde8183,0.00075266875581
41.14979404-78.46545269---2010,c9fb399c-8335-578f-af25-bcd8645fb3cc,0.00819442784164
40.08584424-79.83615629---2010,e89ff8b6-4316-53c6-abf6-b6f8c907abe1,0.000434343965972
40.34059109-79.14487332---2010,9003aaed-0525-5fad-bc9e-efdc83a575b2,0.00110155784629
40.09184763-79.81035383---2010,6de24f6e-3918-5217-94e4-9d39fe1884f8,0.00058532008021
39.76863611-80.00618558---2010,8af0d0cb-0183-5dad-a982-07648c9ed736,0.00109711974459
40.37115972-79.33921486---2010,4bee1776-c2d0-5cdd-a216-a6b9d33cf5a2,0.000373366294363
40.17391675-80.05255029---2010,7ff3bc49-36df-5c1e-a654-697d6259ebed,0.00110802317873
41.86038034-76.84822657---2010,511a530f-12c3-5f9e-968c-6b0285282d0b,0.00170261445445
39.73900214-79.83312688---2010,67311f92-7c4a-5993-b5dd-1c65ebef4009,0.000388611072868
39.95812019-79.83948352---2010,d3bdacfd-aad3-5140-998d-53e9a78efb80,0.00102063703988
41.87657072-76.93468897---2010,dd8070b2-3beb-5b9b-8f10-2b4437649d5e,0.00093277965945
39.9848523-79.69061716---2010,00e1f43f-cc8d-54d6-b7a9-5abdb84fed46,0.000344041885674
40.78218795-79.50379418---2010,dffdd2f9-9238-5f9c-bfcc-2d30668ab35b,0.00129159318024
41.14407164-78.474847---2010,f86a824c-41a2-582b-a978-9bbaed7e02d6,5.44025084703e-05
41.23686784-76.36615056---2010,b21e43a5-42c0-55c0-8e70-9ea1421580d3,0.000216547138665
40.19130882-79.882528---2010,241784fd-572d-5aa7-a1ea-48cf75148055,0.00165475877603
40.64978184-79.77865041---2010,63c4255c-f87d-5e15-ad65-bbee0b25d141,0.00145434368486
41.91862854-76.92350541---2010,3f1e3488-6c2c-5a63-a569-acc23f0b6a6f,0.00037086401824
41.28088127-76.63105403---2010,3ea63c7f-1e64-5fee-9dbe-7cba24524817,0.000361120224163
