InputID,TargetID,Distance,Source
40.20741322-80.38647978---2010,4b0152c9-6f35-5ad5-ae14-3c4a6afa8d06,39.8502614511,Distance_Matrix-UTM17.csv
40.23513029-79.74489197---2008,af59fba7-0207-5f02-96ee-64922d08f6b9,49.3315896247,Distance_Matrix-UTM17.csv
40.38491917-79.49932032---2010,cd536918-95a7-5082-965e-72d5afb44db3,132.415105555,Distance_Matrix-UTM17.csv
40.29175774-78.7797371---2010,592852f6-aad4-507f-a839-a0195d5e1be8,59.9719820164,Distance_Matrix-UTM17.csv
41.0843343-78.02022624---2010,5e4078fe-23cf-500d-a217-0d3f41e5c998,39.2112929891,Distance_Matrix-UTM17.csv
39.97681915-79.43654121---2010,799c4dd7-92ca-56d4-9c6c-89aa9af56022,125.618218671,Distance_Matrix-UTM17.csv
40.01092713-80.01870273---2010,7415c6fe-94e4-51c8-8a58-325bad83b3c1,70.2672781555,Distance_Matrix-UTM17.csv
40.27432791-80.21686239---2010,9597f84a-a2ab-5413-8ac6-07881876f695,49.292421792,Distance_Matrix-UTM17.csv
40.38435037-79.49918072---2010,cd536918-95a7-5082-965e-72d5afb44db3,139.855646838,Distance_Matrix-UTM17.csv
40.08837283-79.9750576---2010,a6c7ed9f-3dd0-50db-9f59-316992d124d6,80.6091782743,Distance_Matrix-UTM17.csv
39.83342633-80.00744217---2010,6bb3becb-ca34-50c8-8faf-4f8cf122a403,375.126362422,Distance_Matrix-UTM17.csv
40.36321847-79.33129478---2010,ffb69ef9-fd3a-5eda-86e0-aa3a8cab95c4,34.3506988635,Distance_Matrix-UTM17.csv
39.77360781-79.99802799---2010,acb3243f-1b22-581f-bb21-36c8abf46d35,119.875663467,Distance_Matrix-UTM17.csv
39.74515133-79.35669247---2010,cab62be9-9b14-5df8-88ed-c08a546b23a6,194.793704701,Distance_Matrix-UTM17.csv
39.92874078-80.02080769---2010,4c977b47-24da-541d-998c-a7d68897db76,39.8601901516,Distance_Matrix-UTM17.csv
40.70474933-79.64263574---2010,154131f2-f607-5d8b-9d00-4879335d47e1,17.6391375738,Distance_Matrix-UTM17.csv
40.12871185-79.77723116---2010,ea2b33d8-fd52-52e6-a036-413b2f3cf61d,45.4290641152,Distance_Matrix-UTM17.csv
40.2285796-80.3222106---2008,ee98eb6b-1fe5-5535-8f7b-7bbefe950f27,45.5653650447,Distance_Matrix-UTM17.csv
40.02050718-80.16715446---2010,9c0dc269-7ef4-5c02-9931-10547db420a0,104.900112638,Distance_Matrix-UTM17.csv
40.27575622-80.23999057---2010,98b89d9a-fc7c-51a8-aff3-610a4246a7f0,40.2403703049,Distance_Matrix-UTM17.csv
40.85872603-79.53412091---2010,95b6a4c2-beb5-504d-a247-98830c302585,590.045961336,Distance_Matrix-UTM17.csv
40.67711088-79.38119553---2010,a6f447b7-5eaf-580a-93df-4cc29d502a41,93.8352973953,Distance_Matrix-UTM17.csv
40.18924974-79.88712684---2010,241784fd-572d-5aa7-a1ea-48cf75148055,601.249590353,Distance_Matrix-UTM17.csv
39.83483001-80.02534808---2010,f03037c8-ac67-55ed-8886-98b584cc1c30,133.920545453,Distance_Matrix-UTM17.csv
40.22531845-79.75080914---2010,8c0c7ea9-aa01-5d89-b7b2-32c27989acc3,134.583169326,Distance_Matrix-UTM17.csv
40.86039768-79.5800714---2010,6b6d72eb-cb9b-5b0c-ab64-9d0b6cca4a15,10.7955324608,Distance_Matrix-UTM17.csv
41.00017026-79.43996299---2010,eb469718-a2fb-5974-83e1-1a9cc5dc0f97,664.76884139,Distance_Matrix-UTM17.csv
39.96918732-79.83859001---2008,be9c2ffc-949e-5e2b-bf1c-16f549fd94f8,14.7894718494,Distance_Matrix-UTM17.csv
40.94805699-78.46451616---2010,8f2992e0-6786-59c4-89f6-3f0d8b9297a3,32.9378764566,Distance_Matrix-UTM17.csv
39.87157686-80.05922698---2008,01afb6ea-6e59-5866-a511-68ef624204ef,45.290031363,Distance_Matrix-UTM17.csv
40.60373141-78.96094391---2010,902b0812-47c3-5314-a4e3-21d45dec0ba6,101.870636248,Distance_Matrix-UTM17.csv
41.57263835-78.62843561---2008,5238e27f-1377-5176-a4a8-0f48e06b5a90,32.9852284214,Distance_Matrix-UTM17.csv
39.91537957-79.9901167---2008,cf4ae599-0dbc-58ae-be8a-01fe8a6ac27f,36.8875440672,Distance_Matrix-UTM17.csv
40.29622975-80.38245893---2010,85b92c7d-80e4-5793-9340-fe8a7084d529,406.837754974,Distance_Matrix-UTM17.csv
39.90265136-79.95550353---2008,0445268b-58ce-50e4-a7d9-b6ee336fc511,34.6488725286,Distance_Matrix-UTM17.csv
40.249402-79.74736451---2008,1a2b7250-9275-57bd-9f2e-bc9fef5f138e,224.094230686,Distance_Matrix-UTM17.csv
40.68106095-79.59518683---2010,629b118a-acda-5ce4-89fe-ac2c95424ebf,41.714532694,Distance_Matrix-UTM17.csv
40.17946568-80.40694503---2008,47ea359a-1f22-5622-908d-6d0dbbcda56b,42.1414956371,Distance_Matrix-UTM17.csv
40.81262255-79.5741673---2010,0acb0d25-da06-51ec-bcc1-fbc724ee07f8,72.8588099572,Distance_Matrix-UTM17.csv
41.03769831-78.06727509---2010,49fa744b-b38a-519e-9c38-a06f3e496b89,29.5977550765,Distance_Matrix-UTM17.csv
40.01023083-79.67296586---2010,f6611992-958f-5f1a-9aec-4b0b56af28bf,31.296747424,Distance_Matrix-UTM17.csv
39.94775483-79.83021807---2010,7a1e22ac-2dcf-57b3-b92d-c111ceabcf13,69.5493018493,Distance_Matrix-UTM17.csv
41.45697025-78.26770914---2010,51f1089c-38de-524b-94bb-bbc7ffe14921,145.962169588,Distance_Matrix-UTM17.csv
40.36972519-79.49738639---2008,aabf6368-b86d-590f-bf54-9a754acbc219,51.8771735569,Distance_Matrix-UTM17.csv
41.20158855-79.21460609---2005,4e509dcc-953e-585a-b906-94c96851a9f5,30.0329422359,Distance_Matrix-UTM17.csv
40.19217825-79.88210925---2010,241784fd-572d-5aa7-a1ea-48cf75148055,97.9449696966,Distance_Matrix-UTM17.csv
40.65940058-78.96322786---2010,121d774d-9aaf-52a5-ab12-4bc363176358,107.674696007,Distance_Matrix-UTM17.csv
40.63020369-79.10280615---2010,d157acae-0943-5348-86f0-3ca8dc9a9074,165.105448739,Distance_Matrix-UTM17.csv
39.88336846-80.0431284---2010,e7479c4f-8e0c-5c93-900e-8598daf5b365,207.844783221,Distance_Matrix-UTM17.csv
40.35984399-79.34034677---2008,d9bb8f9f-c689-565a-952a-09e3ee487e9a,53.1890968745,Distance_Matrix-UTM17.csv
39.96038875-80.09540743---2010,5452eff9-6366-5ef0-9e59-aeef24d432a8,93.8125272,Distance_Matrix-UTM17.csv
41.68647715-78.62340222---2010,062b02e4-3327-5e67-9245-9ca2333e3c41,67.9989258119,Distance_Matrix-UTM17.csv
39.88375583-80.04475872---2010,e7479c4f-8e0c-5c93-900e-8598daf5b365,67.2842346034,Distance_Matrix-UTM17.csv
39.96462738-79.82411448---2010,a6ebaffc-79b8-59ff-b771-32284dcb1b3a,35.4079253527,Distance_Matrix-UTM17.csv
40.24636287-80.26986908---2010,4be7965f-3735-582d-81bb-e8ebf5570d9f,34.7819728463,Distance_Matrix-UTM17.csv
41.0005385-79.79008577---2010,3e6e6065-2465-5ce0-8bf4-9b5865c780cc,18.1791487427,Distance_Matrix-UTM17.csv
39.883326-80.04455997---2010,e7479c4f-8e0c-5c93-900e-8598daf5b365,115.061952143,Distance_Matrix-UTM17.csv
40.27908682-79.75912535---2010,154a9699-4aea-59d9-94bd-25cfbecc3f40,40.9451779363,Distance_Matrix-UTM17.csv
40.70420977-79.64238014---2010,154131f2-f607-5d8b-9d00-4879335d47e1,74.6407495476,Distance_Matrix-UTM17.csv
40.00552897-80.2882478---2010,18c410a0-4751-58f2-aa0e-2586562ff84b,71.9848504453,Distance_Matrix-UTM17.csv
41.67409451-78.25603017---2010,389852ce-9166-54f2-814a-d476063489c7,375.59898413,Distance_Matrix-UTM17.csv
39.94064702-80.26374721---2008,31579713-1f0f-5a33-9cfa-ae67342cb92a,98.7531992934,Distance_Matrix-UTM17.csv
39.95581251-80.26774398---2010,c3ebb120-d82e-57ef-8abb-a58e7ea2f1e8,40.6716140221,Distance_Matrix-UTM17.csv
40.32838695-80.2958319---2010,1c4c5f0d-c457-52a0-bbff-aa486aec1463,28.5751530494,Distance_Matrix-UTM17.csv
40.29424014-79.62443083---2008,eb9f2a2c-8cba-5ca1-9e4c-cc9f877312e5,77.5012242825,Distance_Matrix-UTM17.csv
39.95362193-80.10163592---2010,b863c790-187a-5ceb-82fe-bbdb503db264,37.1016519579,Distance_Matrix-UTM17.csv
40.85480261-79.58078727---2010,75d3c6cb-434a-5554-816b-c023d7c8c5cb,260.330860385,Distance_Matrix-UTM17.csv
41.58360731-78.81895538---2010,afa5f75a-9a8f-5ba4-b46d-49d1066f0695,204.389444431,Distance_Matrix-UTM17.csv
40.83337387-79.68494245---2010,34fe38dc-7a70-560f-a0d6-608d8cf601c8,111.847558295,Distance_Matrix-UTM17.csv
40.01159315-79.87967618---2010,808304fe-7469-5f31-8fab-87ead724562f,41.8691927415,Distance_Matrix-UTM17.csv
40.01098303-79.63145381---2010,06c4a8a2-37b3-5548-bc75-9e6446120a4e,30.4066846354,Distance_Matrix-UTM17.csv
41.1043042-78.971872---2010,e2301e2d-8aee-51c8-a388-7fb4437e5f1f,24.8190295871,Distance_Matrix-UTM17.csv
40.76564499-79.74295104---2010,6729ad57-157a-5157-9d92-f76be15b7101,105.330028552,Distance_Matrix-UTM17.csv
39.91884097-79.84224375---2005,00affae4-fefe-5c34-90ec-00ee252fa839,362.122909384,Distance_Matrix-UTM17.csv
40.35777787-78.56258018---2010,f2707d2a-2e47-5103-8771-4744815f9798,577.254916156,Distance_Matrix-UTM17.csv
39.95037513-79.97620963---2008,9d7c4d1f-a371-5dcb-affd-b50fae607baf,664.455526842,Distance_Matrix-UTM17.csv
39.77553181-80.00163288---2010,d18a319e-b4b9-58a2-994a-22c93ada784c,112.3859104,Distance_Matrix-UTM17.csv
40.78179316-80.03568687---2010,d312d9db-8a08-5fdb-8dd5-72be3a0f5ded,34.1355460382,Distance_Matrix-UTM17.csv
40.26508587-80.46267297---2010,042d0de7-9ccd-538e-bbc4-d8bc11971d68,296.060769526,Distance_Matrix-UTM17.csv
39.93150681-79.8729887---2008,db2b3778-0a73-5f44-a70c-63d8470f011a,71.5678240535,Distance_Matrix-UTM17.csv
40.0292692-80.15319733---2010,b13209ec-a904-51ca-bf32-5c123057bace,190.903558804,Distance_Matrix-UTM17.csv
39.86078565-79.97009651---2008,ae664fe9-676d-5e72-8284-03db14bed30d,597.98921349,Distance_Matrix-UTM17.csv
40.84682156-79.83758914---2008,6f92359e-4e2f-5a14-9da7-5f4afff96e05,89.9288283304,Distance_Matrix-UTM17.csv
40.16218266-79.34401159---2010,381d7a29-8346-56bb-aa08-3a25bdbde244,28.8999704821,Distance_Matrix-UTM17.csv
39.9879426-80.29850872---2010,c90beeb2-2990-5a3e-a374-619abd541f78,661.350231629,Distance_Matrix-UTM17.csv
39.90981323-79.96902209---2008,656f426a-aa74-5af7-835c-58515a783b47,42.8625201065,Distance_Matrix-UTM17.csv
41.21502109-78.71157768---2010,a166149c-2b85-5c93-82b6-cee23e78395a,29.1173772794,Distance_Matrix-UTM17.csv
39.88369038-80.04938174---2010,aac51b26-e563-53db-bb2e-20e3193fd799,35.0094023405,Distance_Matrix-UTM17.csv
40.3052867-79.1764693---2010,c558498a-eb78-5cb5-8540-a4e2b57c6546,585.579101153,Distance_Matrix-UTM17.csv
39.91401964-79.95267561---2010,60f48cf5-3316-5f2d-be69-e4b581af5bc0,39.6996438161,Distance_Matrix-UTM17.csv
41.28582711-79.4881212---2010,57f4d505-7a40-5ede-820b-0034ad814fb0,20.3338599973,Distance_Matrix-UTM17.csv
40.67606281-79.75023272---2010,3e906506-59e3-528f-aad5-7319f2248109,141.326047559,Distance_Matrix-UTM17.csv
40.26393583-80.46363592---2010,042d0de7-9ccd-538e-bbc4-d8bc11971d68,159.806221294,Distance_Matrix-UTM17.csv
40.28127856-80.22541597---2010,57cd674e-438d-516e-a4ec-ef25c8b82363,292.676405172,Distance_Matrix-UTM17.csv
39.99987413-79.6615197---2010,993532d7-e57f-58d1-93b0-8c63cea41c5e,51.8807829264,Distance_Matrix-UTM17.csv
40.19646319-79.71448542---2008,6ca2b615-a5ec-5365-a740-c2d5500b3952,40.7277176016,Distance_Matrix-UTM17.csv
40.3677617-79.32892643---2010,0c2420d9-5eac-5b46-b7fa-d476cdae2e3c,30.7873653791,Distance_Matrix-UTM17.csv
40.79952053-79.58533269---2010,3b542c4a-a592-5842-a3cf-2433c74d1784,509.536236128,Distance_Matrix-UTM17.csv
40.30360347-79.21595582---2010,dfcc5ca9-c97f-59a6-82c5-b263cd9bc11a,71.6771433851,Distance_Matrix-UTM17.csv
40.82880022-79.6736429---2010,a722f5b7-a159-5598-8a8b-dd3bac6b396d,577.125459752,Distance_Matrix-UTM17.csv
40.3297061-80.28385841---2008,3d53f2cf-a0dd-5bc4-8bb0-6030364d9883,189.316904895,Distance_Matrix-UTM17.csv
39.82557144-80.49535313---2010,eac0bb9d-9edf-5702-a82c-0eccf021e2a8,122.755932294,Distance_Matrix-UTM17.csv
40.24621048-79.74858738---2008,404dccfe-2b3b-5a57-8cc3-15503cd7307b,59.122166361,Distance_Matrix-UTM17.csv
40.85710199-79.5098526---2008,6bfc6315-ad37-58f1-a2d0-caed863df0fe,24.9329588652,Distance_Matrix-UTM17.csv
39.85643314-79.53683559---2010,0c656faf-4504-5015-ace0-2209a40f1a85,34.1139877918,Distance_Matrix-UTM17.csv
41.41646588-78.27177707---2010,53529efd-283c-54c2-8dff-97d75efa4999,35.987005764,Distance_Matrix-UTM17.csv
39.8886006-80.29406806---2010,1704ae23-18a9-52de-880f-c531f654041c,84.2677997039,Distance_Matrix-UTM17.csv
40.82378855-79.67765007---2010,c61576bc-2106-59ff-ac97-107d5b62acb3,288.265938354,Distance_Matrix-UTM17.csv
41.84650485-78.15630847---2010,3718b3b8-3bfa-5e81-b743-e27ab156cedd,34.6894088208,Distance_Matrix-UTM17.csv
40.79430439-79.99810938---2005,1518566b-6072-5132-bc3e-7d423cb4195c,597.405181125,Distance_Matrix-UTM17.csv
41.72081253-78.37490478---2010,edafd51c-d6e6-50d1-b21f-14ff8e0ed3d6,170.095037064,Distance_Matrix-UTM17.csv
40.87296879-79.55738098---2010,7fb016ca-1642-5f8f-ba4c-57350d81dfed,557.737492498,Distance_Matrix-UTM17.csv
40.18865381-79.93686105---2010,b0416085-5f11-5867-b5a6-22d232d6f3a4,94.2111910997,Distance_Matrix-UTM17.csv
41.63832903-78.36884546---2010,3bbbe962-176c-58de-87c8-e42d9bb19c0b,150.710305728,Distance_Matrix-UTM17.csv
40.2934806-79.6351647---2008,203200a4-31b9-5cff-b804-92c8e8b9c5c6,357.355596984,Distance_Matrix-UTM17.csv
40.00739103-80.28673078---2010,27c1db76-1810-589a-9996-aab1853d4e3c,242.98111438,Distance_Matrix-UTM17.csv
39.93719996-80.2933112---2010,a83eb89d-f9d0-599e-91ce-d01af9dba93e,146.703270367,Distance_Matrix-UTM17.csv
41.58491969-78.47250131---2008,b49bf88e-885e-5d18-aaec-86c0faca6427,31.0396871959,Distance_Matrix-UTM17.csv
40.22228439-80.41804212---2010,57907180-cca6-53fb-b29c-832df9617f8f,36.5921017667,Distance_Matrix-UTM17.csv
39.92022546-79.94209042---2008,90b4b2ad-e913-5fe8-9dc9-b50a88cea4de,804.608981853,Distance_Matrix-UTM17.csv
40.24887247-80.26352938---2010,c2770f51-361f-5ecd-8e37-cc1bb54beb08,40.8219120212,Distance_Matrix-UTM17.csv
39.884243-80.04364948---2010,e7479c4f-8e0c-5c93-900e-8598daf5b365,142.746723355,Distance_Matrix-UTM17.csv
39.93709603-79.83857411---2008,27f83862-e05e-5eac-923b-f0981f94ee57,342.605839647,Distance_Matrix-UTM17.csv
39.96893214-79.83419633---2008,4aebdc34-e171-51bc-a18b-8a3f6b65418c,27.0213310741,Distance_Matrix-UTM17.csv
41.28736159-79.48859299---2010,57f4d505-7a40-5ede-820b-0034ad814fb0,174.415951744,Distance_Matrix-UTM17.csv
40.28196851-80.24549119---2008,af7e4d9a-3fb1-5bb8-bcff-f148dee2d18d,708.118255555,Distance_Matrix-UTM17.csv
39.95676672-80.26956793---2010,c3ebb120-d82e-57ef-8abb-a58e7ea2f1e8,157.083003186,Distance_Matrix-UTM17.csv
40.12396928-80.21537687---2010,031b424f-b566-55aa-a00f-657f805007a0,163.229625289,Distance_Matrix-UTM17.csv
40.32056563-80.30261367---2010,767cd43c-3992-577d-b24d-156ae0658bf3,37.4055693496,Distance_Matrix-UTM17.csv
40.23161662-79.73540434---2010,fb0e394f-c141-596d-89b5-607d3b9ef519,199.87948579,Distance_Matrix-UTM17.csv
40.70494079-79.40942379---2010,6b4f5860-ac9e-593c-9daf-dc3abbd4921c,100.104510409,Distance_Matrix-UTM17.csv
39.84284342-79.9741812---2010,9beb4edd-13cf-5cc7-8486-f7845927b4b6,136.335858758,Distance_Matrix-UTM17.csv
39.81071007-79.96735941---2008,79f6bf2d-1ef0-5df6-9f27-0d58c2947fd9,4.2914500211,Distance_Matrix-UTM17.csv
39.73334844-80.01364185---2008,9d340c50-aabf-5b67-8b5e-25269bb838b8,101.469181244,Distance_Matrix-UTM17.csv
40.28765628-80.21623035---2010,ccabac3d-f8f4-5456-996e-3f133f79d389,40.7570474277,Distance_Matrix-UTM17.csv
40.63070004-79.37055529---2008,bd23cd36-551c-52f5-a034-318522de0f8d,313.16112069,Distance_Matrix-UTM17.csv
40.24708799-79.74422552---2008,1a2b7250-9275-57bd-9f2e-bc9fef5f138e,261.425135593,Distance_Matrix-UTM17.csv
39.89806099-80.30322677---2008,fc10c8d7-3f26-5397-ae1f-d507b0a90896,618.623959949,Distance_Matrix-UTM17.csv
39.99358267-80.28882639---2010,8a9017f3-f88a-5a5e-9110-c9e149f3a244,187.047333734,Distance_Matrix-UTM17.csv
40.704402-79.40924889---2010,6b4f5860-ac9e-593c-9daf-dc3abbd4921c,158.558385165,Distance_Matrix-UTM17.csv
39.82247601-79.95395614---2008,492a5a15-2910-5fc5-a8bc-2aff1c1fc29d,317.065678103,Distance_Matrix-UTM17.csv
40.80317458-80.06567948---2010,a5cf21ef-9357-5070-a8a2-de053e9ebecb,294.07395633,Distance_Matrix-UTM17.csv
40.01737002-79.65924502---2010,3030217b-1e65-5f1d-bacd-77381ac69a30,41.9751893872,Distance_Matrix-UTM17.csv
40.20485784-79.73770311---2008,e08abf1f-fc3b-5375-b87f-d1f6a7f71a9e,388.669976203,Distance_Matrix-UTM17.csv
39.73322687-79.80063631---2010,bacdb174-65bc-5345-9499-593e459f6192,34.385490583,Distance_Matrix-UTM17.csv
40.82198919-79.68071836---2010,c61576bc-2106-59ff-ac97-107d5b62acb3,40.948438829,Distance_Matrix-UTM17.csv
40.2264795-80.51616131---2008,aa99637f-1aad-50b6-b4d0-d2a2fe7c78ad,13.1740846431,Distance_Matrix-UTM17.csv
40.24402003-80.30923077---2008,c6e9e57a-0a89-5827-a13a-aaf2cb46385f,38.0523540117,Distance_Matrix-UTM17.csv
40.33022963-80.28222854---2008,3d53f2cf-a0dd-5bc4-8bb0-6030364d9883,47.6009650975,Distance_Matrix-UTM17.csv
40.01998395-80.03896312---2008,4ad2c80e-67ec-5333-82cb-31374f5922d7,157.899350759,Distance_Matrix-UTM17.csv
40.24813091-80.3285787---2008,f0fc7e77-2e62-50ac-aeca-cd8aeda7ba04,31.266024086,Distance_Matrix-UTM17.csv
40.22455393-79.71209983---2008,2ead0093-c02e-5910-afeb-5241a199ba61,93.9288235843,Distance_Matrix-UTM17.csv
39.96910021-80.11046016---2010,22044b09-54ba-5f4b-ab36-3ddaa42e5865,128.943017497,Distance_Matrix-UTM17.csv
40.00950887-79.67256451---2010,f6611992-958f-5f1a-9aec-4b0b56af28bf,69.4573770853,Distance_Matrix-UTM17.csv
40.87020401-79.56426894---2010,7fb016ca-1642-5f8f-ba4c-57350d81dfed,99.2019915027,Distance_Matrix-UTM17.csv
40.7939103-80.07942479---2010,d02fef91-6897-58cd-a2c5-e01bf10fe464,368.683085544,Distance_Matrix-UTM17.csv
40.22509243-80.5174751---2010,aa99637f-1aad-50b6-b4d0-d2a2fe7c78ad,177.086276011,Distance_Matrix-UTM17.csv
40.8780097-79.51980614---2010,6381a0d1-ecda-516e-9dcb-5eaf414ec726,120.44632171,Distance_Matrix-UTM17.csv
39.86182467-79.97397356---2008,ae664fe9-676d-5e72-8284-03db14bed30d,313.815991437,Distance_Matrix-UTM17.csv
40.85065687-78.65996005---2010,f78971e0-ff6a-5153-8da7-ac77e3eeff07,36.7090223003,Distance_Matrix-UTM17.csv
40.63021189-79.1016003---2010,d157acae-0943-5348-86f0-3ca8dc9a9074,99.7921089046,Distance_Matrix-UTM17.csv
40.17135003-79.75687339---2008,dc97c4ba-7885-5a71-93c8-1f55512ba608,30.6862262219,Distance_Matrix-UTM17.csv
39.81876573-79.97726352---2010,c1dd85bb-4a01-5c7c-8929-7ee488d4ef04,50.1891121795,Distance_Matrix-UTM17.csv
40.38098656-79.3288558---2010,28ff81cd-2616-535e-bea6-ef64aac1c388,48.3478009775,Distance_Matrix-UTM17.csv
39.9376826-79.96689128---2010,cba0701c-48c3-51db-a313-69c8e69544f5,94.5710207999,Distance_Matrix-UTM17.csv
40.26687987-80.35435583---2010,9d391788-21d1-5948-9879-a0b07aa93d7a,36.2717727307,Distance_Matrix-UTM17.csv
40.02060897-80.03509313---2008,6fd76aa9-dbf4-5f4f-8fbe-1e12e168a2df,233.716402326,Distance_Matrix-UTM17.csv
39.90756844-80.29888741---2008,1baa2f76-0ab1-5b37-b845-db28180b2c08,137.549379044,Distance_Matrix-UTM17.csv
40.2417977-79.73662075---2008,f283c8ed-dd12-5dbe-a0f3-1c5bc6789c57,609.729301425,Distance_Matrix-UTM17.csv
40.23010998-79.73482034---2010,fb0e394f-c141-596d-89b5-607d3b9ef519,38.0113231611,Distance_Matrix-UTM17.csv
40.6775674-79.38081793---2010,a6f447b7-5eaf-580a-93df-4cc29d502a41,72.9117062407,Distance_Matrix-UTM17.csv
40.17050956-79.75742703---2008,dc97c4ba-7885-5a71-93c8-1f55512ba608,98.4949996,Distance_Matrix-UTM17.csv
39.98245527-80.2946741---2010,c90beeb2-2990-5a3e-a374-619abd541f78,46.6940266696,Distance_Matrix-UTM17.csv
39.89378479-80.06094068---2010,8f359747-86c4-55e1-a3f2-de048fbf1e3d,789.571898447,Distance_Matrix-UTM17.csv
39.73914718-79.83376547---2010,67311f92-7c4a-5993-b5dd-1c65ebef4009,59.1536170637,Distance_Matrix-UTM17.csv
39.97926099-80.06894555---2010,ffa4f3bf-92ed-53d7-bbaf-014380e660c7,142.392750944,Distance_Matrix-UTM17.csv
39.90208342-79.95552263---2008,0445268b-58ce-50e4-a7d9-b6ee336fc511,32.5457371145,Distance_Matrix-UTM17.csv
40.24498029-80.28079236---2008,90eda133-b64e-5faa-9d3f-d04e7efa6d6f,186.710968464,Distance_Matrix-UTM17.csv
39.98458921-79.69222161---2010,00e1f43f-cc8d-54d6-b7a9-5abdb84fed46,111.884127131,Distance_Matrix-UTM17.csv
39.89221026-80.02183845---2005,c9858527-09e6-5b33-9cc1-e2073a956bd6,782.291038792,Distance_Matrix-UTM17.csv
41.02550732-78.81730855---2010,4c6624eb-dc64-59eb-ac7e-80d50beeee5d,99.7662445969,Distance_Matrix-UTM17.csv
40.03397352-79.18515815---2010,7f403d8f-9bfc-5166-a861-14ec27036220,44.9718854219,Distance_Matrix-UTM17.csv
40.25430772-80.32139167---2008,bf248f22-1bfc-52d9-a482-7a1d1f9e4e02,277.591876191,Distance_Matrix-UTM17.csv
39.90624269-80.30146103---2010,1baa2f76-0ab1-5b37-b845-db28180b2c08,153.49227996,Distance_Matrix-UTM17.csv
40.27728886-80.24038595---2008,bffb0c24-0386-514a-a275-f9e1efa0a858,39.4725661191,Distance_Matrix-UTM17.csv
39.83655457-79.9753269---2008,6c91a873-4362-57f7-a298-ed9bf497546f,379.447094176,Distance_Matrix-UTM17.csv
40.83673556-79.55428496---2010,a0adb300-519d-500f-902d-0b28130fcc7c,17.8896581921,Distance_Matrix-UTM17.csv
40.43570572-79.07276494---2010,fcd50a4d-cde8-55ea-a78d-246dd0f07027,302.120223421,Distance_Matrix-UTM17.csv
40.86094955-79.57988846---2010,6b6d72eb-cb9b-5b0c-ab64-9d0b6cca4a15,55.41573097,Distance_Matrix-UTM17.csv
39.86925937-80.01002805---2010,ef986a01-79cf-5c7b-a940-ae3d8bfbecda,230.221895789,Distance_Matrix-UTM17.csv
39.9868619-80.10942011---2010,565007c1-d150-55cb-862b-454369b9cd8b,150.968119878,Distance_Matrix-UTM17.csv
39.80193479-80.00502497---2008,5b412c17-2209-5b48-a1fb-29da35facf61,27.7774517546,Distance_Matrix-UTM17.csv
39.83033403-80.00762411---2010,6bb3becb-ca34-50c8-8faf-4f8cf122a403,34.1359055827,Distance_Matrix-UTM17.csv
40.00059179-79.7011004---2010,3265a9f2-22cd-55f9-a572-5c3d1594eaa4,58.8397374522,Distance_Matrix-UTM17.csv
40.00055954-79.66188809---2010,993532d7-e57f-58d1-93b0-8c63cea41c5e,119.529695525,Distance_Matrix-UTM17.csv
39.935491-79.84168949---2008,27f83862-e05e-5eac-923b-f0981f94ee57,23.4564459735,Distance_Matrix-UTM17.csv
39.90786094-80.29698071---2008,1baa2f76-0ab1-5b37-b845-db28180b2c08,277.107839458,Distance_Matrix-UTM17.csv
39.9684416-79.83431602---2008,4aebdc34-e171-51bc-a18b-8a3f6b65418c,29.78529932,Distance_Matrix-UTM17.csv
39.88328556-79.99007231---2010,7819f71e-0d1e-505e-9d1d-dafac11be45e,123.149370736,Distance_Matrix-UTM17.csv
41.09256368-78.30643528---2008,91b55120-d5a8-5d13-a1e8-83040a4a90e9,43.1381498326,Distance_Matrix-UTM17.csv
39.95772302-79.83997547---2010,d3bdacfd-aad3-5140-998d-53e9a78efb80,105.747414361,Distance_Matrix-UTM17.csv
40.37018649-79.34017415---2010,4bee1776-c2d0-5cdd-a216-a6b9d33cf5a2,125.448480531,Distance_Matrix-UTM17.csv
41.84923506-78.15876069---2010,143d5620-3f6c-53b8-aa7b-6b466069a136,203.224932148,Distance_Matrix-UTM17.csv
39.98771277-80.10866479---2010,565007c1-d150-55cb-862b-454369b9cd8b,85.5544775248,Distance_Matrix-UTM17.csv
39.88381269-80.00559333---2008,931e8624-c5da-5909-a4b0-209fc17c5d5a,275.310286705,Distance_Matrix-UTM17.csv
41.72900693-78.17545011---2010,7f138b69-ad9a-5815-94da-892a85147900,598.69043351,Distance_Matrix-UTM17.csv
39.85212458-79.96931546---2008,fa527b32-8265-50d1-845b-15e4f0377298,82.0824793759,Distance_Matrix-UTM17.csv
40.70566514-79.40926756---2010,6b4f5860-ac9e-593c-9daf-dc3abbd4921c,18.6069583722,Distance_Matrix-UTM17.csv
39.95409016-80.09214815---2010,61e053e8-2be1-541b-ab37-abf56bbf5aa0,114.356736983,Distance_Matrix-UTM17.csv
40.01208977-79.87962592---2010,808304fe-7469-5f31-8fab-87ead724562f,31.4561466518,Distance_Matrix-UTM17.csv
39.94176606-80.03064668---2008,40eaf892-b219-5c6a-b053-dde74d24b806,66.8042036506,Distance_Matrix-UTM17.csv
39.88438532-80.04855096---2010,aac51b26-e563-53db-bb2e-20e3193fd799,126.159607255,Distance_Matrix-UTM17.csv
40.20074709-79.72975389---2008,30101725-459e-5152-a87c-896dc0b47e65,34.5957046025,Distance_Matrix-UTM17.csv
40.77965105-79.54272851---2010,123d5320-a67e-58ca-a269-beb48307e3b5,29.786325261,Distance_Matrix-UTM17.csv
40.28364336-80.22781222---2008,57cd674e-438d-516e-a4ec-ef25c8b82363,56.2181500129,Distance_Matrix-UTM17.csv
39.8409441-80.08672661---2010,f126a067-26e1-5537-869f-a7afadd0e8f0,70.558127935,Distance_Matrix-UTM17.csv
39.9513744-80.09956098---2010,b863c790-187a-5ceb-82fe-bbdb503db264,285.452849676,Distance_Matrix-UTM17.csv
40.87463599-79.50976292---2008,3b0b7751-551f-57ae-a0f6-a3b5c685c416,328.39314794,Distance_Matrix-UTM17.csv
39.95180789-80.27672968---2010,1025cdec-1fdd-5f1d-842d-f8954900d48a,157.458293997,Distance_Matrix-UTM17.csv
39.88266575-80.04805936---2010,aac51b26-e563-53db-bb2e-20e3193fd799,130.396509484,Distance_Matrix-UTM17.csv
39.84876222-79.87844985---2010,4b429ea8-d7da-54cb-834a-2770168ee2da,35.4863780897,Distance_Matrix-UTM17.csv
40.83864081-79.66375287---2010,a722f5b7-a159-5598-8a8b-dd3bac6b396d,950.07005463,Distance_Matrix-UTM17.csv
39.91805594-79.94757731---2008,60f48cf5-3316-5f2d-be69-e4b581af5bc0,630.017288459,Distance_Matrix-UTM17.csv
39.90903479-79.96973941---2008,656f426a-aa74-5af7-835c-58515a783b47,133.281527638,Distance_Matrix-UTM17.csv
40.37226438-79.33054184---2010,655bdbc2-7f80-5e2e-91fa-b3fc585c6569,149.73946507,Distance_Matrix-UTM17.csv
39.93386308-79.96728323---2008,6e7c71aa-36fc-5afe-a8d2-6ccd0f6c4cf7,141.291870951,Distance_Matrix-UTM17.csv
40.13121502-80.18778497---2010,ad945f48-ae67-5717-9514-6d1f4cd57ef4,38.4834044024,Distance_Matrix-UTM17.csv
41.30419564-79.34883069---2008,5e302671-e88a-5b2d-86b7-645d1e8dbe2f,23.8523661966,Distance_Matrix-UTM17.csv
39.87218484-80.00510873---2010,5f19ae31-882b-5eea-99aa-a371294be1ec,125.125150009,Distance_Matrix-UTM17.csv
39.91637573-79.86835734---2008,ce08afee-3885-5e18-af48-467a988fbf9b,17.4341162019,Distance_Matrix-UTM17.csv
40.15554327-79.74938062---2010,a893e26f-33c0-553b-ac23-a594896ef0ad,84.9548899616,Distance_Matrix-UTM17.csv
40.754501-79.72573502---2010,523cb590-9b6c-5ef2-b2c0-a2964e88bcb1,21.9684449625,Distance_Matrix-UTM17.csv
39.76807225-80.00480281---2010,8af0d0cb-0183-5dad-a982-07648c9ed736,132.466627908,Distance_Matrix-UTM17.csv
40.75363862-79.78335832---2010,452609a1-83ec-5a75-987f-12ff7f770879,9.8666690797,Distance_Matrix-UTM17.csv
41.72852592-78.1688665---2010,7f138b69-ad9a-5815-94da-892a85147900,76.1762971211,Distance_Matrix-UTM17.csv
40.13768106-79.76344425---2010,701fe067-af90-50b8-9120-7248133e733c,32.7613873893,Distance_Matrix-UTM17.csv
39.92881826-79.97139985---2008,9cbecc8a-e2bb-5b25-ac4f-03a3cf6d62b5,46.6222783273,Distance_Matrix-UTM17.csv
40.80261804-79.66143939---2008,ada7cac5-4865-5e31-93d6-aeb0b5561d06,21.4459114924,Distance_Matrix-UTM17.csv
40.87072987-79.56321874---2010,7fb016ca-1642-5f8f-ba4c-57350d81dfed,18.0920481358,Distance_Matrix-UTM17.csv
40.24353929-80.27948491---2008,90eda133-b64e-5faa-9d3f-d04e7efa6d6f,40.6803094128,Distance_Matrix-UTM17.csv
39.96928395-79.83859469---2010,be9c2ffc-949e-5e2b-bf1c-16f549fd94f8,24.2388770572,Distance_Matrix-UTM17.csv
39.91820975-79.95158546---2008,60f48cf5-3316-5f2d-be69-e4b581af5bc0,499.938935922,Distance_Matrix-UTM17.csv
40.01580531-80.07354818---2010,5d7b415d-90b9-5c31-9020-1bbbebde8183,35.9946783388,Distance_Matrix-UTM17.csv
39.9170774-79.93708099---2008,90b4b2ad-e913-5fe8-9dc9-b50a88cea4de,338.890565859,Distance_Matrix-UTM17.csv
40.11967606-79.815262---2008,654eb086-1ff3-5bbd-8d28-ed5616e1af02,19.6133184776,Distance_Matrix-UTM17.csv
40.20716636-80.36739273---2010,42ae4815-6d54-5741-8fb9-5bef908ddc94,40.066828685,Distance_Matrix-UTM17.csv
41.58518314-78.82487089---2010,afa5f75a-9a8f-5ba4-b46d-49d1066f0695,319.219939365,Distance_Matrix-UTM17.csv
40.86270743-79.53918336---2010,95b6a4c2-beb5-504d-a247-98830c302585,89.1289691504,Distance_Matrix-UTM17.csv
40.63316122-79.36441492---2008,bd23cd36-551c-52f5-a034-318522de0f8d,412.148001679,Distance_Matrix-UTM17.csv
39.94526959-80.2646222---2010,10240a03-5ea5-5a9a-a76c-d44f6d0841ab,63.9431145868,Distance_Matrix-UTM17.csv
39.93471715-79.85263551---2010,f1e767f1-24fd-5129-b9b6-8363bc0b0bf0,102.575936037,Distance_Matrix-UTM17.csv
39.91424594-79.85765133---2005,a7a27a06-522e-5add-8f20-029bbfb1f86f,187.210233834,Distance_Matrix-UTM17.csv
39.93848261-79.47075496---2010,864b28b6-45c2-5c7d-a87c-8583cb7b1f84,168.131067031,Distance_Matrix-UTM17.csv
40.29765938-79.62539108---2008,458b1799-21b0-5784-af64-1f1e8a36e6b4,344.947130131,Distance_Matrix-UTM17.csv
41.30638712-79.34712679---2008,5e302671-e88a-5b2d-86b7-645d1e8dbe2f,262.666395035,Distance_Matrix-UTM17.csv
40.25118774-80.32356866---2008,25b5df88-ad53-5775-a476-4e55782248b6,67.1289718903,Distance_Matrix-UTM17.csv
41.29388786-79.49114799---2005,57f4d505-7a40-5ede-820b-0034ad814fb0,929.771647906,Distance_Matrix-UTM17.csv
40.88544184-79.72665431---2010,9783e1ce-ace0-5c56-b282-4544aa2bd57c,237.129707694,Distance_Matrix-UTM17.csv
40.10321436-79.79201286---2010,5e25a264-e737-5dfd-9ba3-ac0e4fa90bd1,129.021451363,Distance_Matrix-UTM17.csv
41.09614201-78.30765768---2010,83718681-6e88-5719-837b-018739e2ccba,19.307637418,Distance_Matrix-UTM17.csv
39.9407736-79.95569109---2008,1ab3c72d-f99d-500b-add0-832a4cde4918,9.0709849052,Distance_Matrix-UTM17.csv
40.29417613-79.62510736---2008,eb9f2a2c-8cba-5ca1-9e4c-cc9f877312e5,27.7782930243,Distance_Matrix-UTM17.csv
40.25481011-79.76087353---2010,07eae775-2715-52e3-b126-70aa314a0a88,38.1935053419,Distance_Matrix-UTM17.csv
41.45587427-78.26840111---2010,51f1089c-38de-524b-94bb-bbc7ffe14921,17.9442600936,Distance_Matrix-UTM17.csv
40.18259192-79.75087931---2008,8c08c5fd-e7a8-5487-832b-fc260fcf94c4,605.552177445,Distance_Matrix-UTM17.csv
40.24680693-80.38156432---2008,86effefb-4b1f-57d7-adb6-ca69c86b9899,23.4988265075,Distance_Matrix-UTM17.csv
40.09679505-79.80446866---2005,23a73da7-6720-572e-a029-21029df88286,215.442623981,Distance_Matrix-UTM17.csv
40.70451427-79.40865635---2010,6b4f5860-ac9e-593c-9daf-dc3abbd4921c,153.861778344,Distance_Matrix-UTM17.csv
39.86063553-79.97689932---2010,ae664fe9-676d-5e72-8284-03db14bed30d,40.2665572694,Distance_Matrix-UTM17.csv
40.24538635-80.46440348---2010,5fbb2453-2d20-55ba-828e-4d1510413973,583.314044466,Distance_Matrix-UTM17.csv
39.77439985-80.00125503---2010,d18a319e-b4b9-58a2-994a-22c93ada784c,97.3863221344,Distance_Matrix-UTM17.csv
39.7481694-79.87829488---2008,343c55b5-26ce-5012-85c0-c77387dded6c,41.5012184886,Distance_Matrix-UTM17.csv
40.38478598-79.50051259---2010,cd536918-95a7-5082-965e-72d5afb44db3,35.670239068,Distance_Matrix-UTM17.csv
40.83690824-79.66247898---2010,a722f5b7-a159-5598-8a8b-dd3bac6b396d,961.126540889,Distance_Matrix-UTM17.csv
40.24588453-80.27133265---2010,4be7965f-3735-582d-81bb-e8ebf5570d9f,104.135015004,Distance_Matrix-UTM17.csv
40.28015678-80.29208039---2005,d47b091c-b4ca-5ff9-9e4f-6aacbe77286b,16.4191815878,Distance_Matrix-UTM17.csv
39.9718014-79.82616737---2010,4aebdc34-e171-51bc-a18b-8a3f6b65418c,766.677385189,Distance_Matrix-UTM17.csv
39.88588525-80.0079578---2008,931e8624-c5da-5909-a4b0-209fc17c5d5a,49.0811452978,Distance_Matrix-UTM17.csv
39.82787111-79.96883429---2008,9586fb6c-40a6-55b6-9c27-c641e7cb2d15,670.221562099,Distance_Matrix-UTM17.csv
41.17545544-78.98215279---2008,6b797790-d9e2-56d2-aeb3-318c0b550829,592.440708102,Distance_Matrix-UTM17.csv
39.77271373-80.00593701---2010,ab1cbb0f-feba-54e8-a6af-cd8763e1368f,37.0004396545,Distance_Matrix-UTM17.csv
39.93576878-79.85442491---2010,f1e767f1-24fd-5129-b9b6-8363bc0b0bf0,89.9827536279,Distance_Matrix-UTM17.csv
39.87326991-80.01088887---2005,ef986a01-79cf-5c7b-a940-ae3d8bfbecda,488.198446742,Distance_Matrix-UTM17.csv
40.86718579-79.54829032---2010,8319a04f-290f-5509-bbd1-386620158fd1,19.7268415435,Distance_Matrix-UTM17.csv
40.77537568-79.61429242---2010,b1e2f612-9388-515c-a6c0-92b2a031d480,14.1444025285,Distance_Matrix-UTM17.csv
40.80345972-80.06208008---2010,a5cf21ef-9357-5070-a8a2-de053e9ebecb,28.0853303184,Distance_Matrix-UTM17.csv
40.30539884-79.21555158---2010,dfcc5ca9-c97f-59a6-82c5-b263cd9bc11a,194.875254755,Distance_Matrix-UTM17.csv
39.83970566-79.97365235---2008,9beb4edd-13cf-5cc7-8486-f7845927b4b6,300.732667177,Distance_Matrix-UTM17.csv
39.73445968-79.9644967---2010,46b5b463-aa76-5618-a253-df1a6e583575,168.228917905,Distance_Matrix-UTM17.csv
40.09880451-80.17893766---2010,f87f7745-5896-5c99-823a-953b89403362,75.9312392531,Distance_Matrix-UTM17.csv
39.89293103-80.03294196---2008,b1539524-8ecf-50f5-b444-9462588479ff,632.72820664,Distance_Matrix-UTM17.csv
40.01673578-80.03516425---2008,6fd76aa9-dbf4-5f4f-8fbe-1e12e168a2df,573.83893247,Distance_Matrix-UTM17.csv
39.93368196-80.02983741---2008,f30e2346-1786-5a55-9a59-0bcb0f89a2e9,45.6729391986,Distance_Matrix-UTM17.csv
40.27187538-80.38362181---2008,ae7f7b54-7ced-5c03-84d2-1f7fd82feef6,56.5604040211,Distance_Matrix-UTM17.csv
41.41723917-78.27251627---2010,53529efd-283c-54c2-8dff-97d75efa4999,117.282453658,Distance_Matrix-UTM17.csv
41.47607987-78.92275268---2010,b7d960ab-2b80-533d-ae60-fe0e69aafff4,132.28028304,Distance_Matrix-UTM17.csv
39.89281242-80.28944326---2008,770512d0-d6f2-57e3-b6e4-201138aa5084,281.252401393,Distance_Matrix-UTM17.csv
39.89847335-80.02754078---2008,b1539524-8ecf-50f5-b444-9462588479ff,153.507458371,Distance_Matrix-UTM17.csv
39.9822097-80.29564468---2010,c90beeb2-2990-5a3e-a374-619abd541f78,53.4320754363,Distance_Matrix-UTM17.csv
40.01030401-79.65037486---2010,86ea0098-51cf-52de-897a-5ff0e19af72e,227.008892198,Distance_Matrix-UTM17.csv
40.21092863-80.35239872---2010,e4572e49-ef94-54a0-9cfb-f989d544710d,47.2735373799,Distance_Matrix-UTM17.csv
41.95026358-78.79579824---2010,69f6182c-1469-5671-be04-d5caef7ea3b5,350.554985052,Distance_Matrix-UTM17.csv
40.86785458-79.54801878---2010,8319a04f-290f-5509-bbd1-386620158fd1,92.8341708076,Distance_Matrix-UTM17.csv
40.23108222-79.73544919---2010,fb0e394f-c141-596d-89b5-607d3b9ef519,142.133742752,Distance_Matrix-UTM17.csv
40.70603442-79.4089551---2010,6b4f5860-ac9e-593c-9daf-dc3abbd4921c,32.3544398651,Distance_Matrix-UTM17.csv
39.86699268-80.03001786---2005,6ddeb482-4b9a-5697-9448-48ea29dddc13,369.552847783,Distance_Matrix-UTM17.csv
40.51389149-79.18079944---2008,294979f5-9b2b-5698-99a9-6a15b266edea,612.359866056,Distance_Matrix-UTM17.csv
39.83253865-80.00721821---2010,6bb3becb-ca34-50c8-8faf-4f8cf122a403,279.809261712,Distance_Matrix-UTM17.csv
41.68632612-78.63485566---2010,062b02e4-3327-5e67-9245-9ca2333e3c41,896.968347731,Distance_Matrix-UTM17.csv
39.83705983-79.97144299---2008,6c91a873-4362-57f7-a298-ed9bf497546f,43.8903289905,Distance_Matrix-UTM17.csv
40.13887433-79.76408782---2010,701fe067-af90-50b8-9120-7248133e733c,175.304168157,Distance_Matrix-UTM17.csv
40.85692388-79.53764838---2010,95b6a4c2-beb5-504d-a247-98830c302585,680.199818018,Distance_Matrix-UTM17.csv
39.89347325-80.28845849---2008,770512d0-d6f2-57e3-b6e4-201138aa5084,197.240558454,Distance_Matrix-UTM17.csv
41.15030622-79.21690094---2010,0d328fe7-6915-5f55-a508-0c08a603520d,96.8852013006,Distance_Matrix-UTM17.csv
39.89646635-80.12498833---2010,19919679-adef-5e58-8f57-80c03515e711,23.4529909515,Distance_Matrix-UTM17.csv
39.93850447-80.26506164---2010,31579713-1f0f-5a33-9cfa-ae67342cb92a,325.204660131,Distance_Matrix-UTM17.csv
41.41417183-78.27150899---2008,53529efd-283c-54c2-8dff-97d75efa4999,270.921929223,Distance_Matrix-UTM17.csv
39.9002804-80.03668712---2008,b1539524-8ecf-50f5-b444-9462588479ff,702.83853459,Distance_Matrix-UTM17.csv
39.81933624-79.97588276---2010,c1dd85bb-4a01-5c7c-8929-7ee488d4ef04,87.8175692657,Distance_Matrix-UTM17.csv
39.92263614-79.88562486---2008,55c316cd-4a0b-5736-bc9d-84fbeaf9f4b4,27.0828725641,Distance_Matrix-UTM17.csv
39.83710781-79.97070229---2008,6c91a873-4362-57f7-a298-ed9bf497546f,27.3616183549,Distance_Matrix-UTM17.csv
41.02550384-78.8166082---2010,4c6624eb-dc64-59eb-ac7e-80d50beeee5d,106.365020597,Distance_Matrix-UTM17.csv
39.88836459-80.00302824---2005,f4f1a81c-ed1a-5a71-8851-2bda71a388ec,380.6363537,Distance_Matrix-UTM17.csv
40.14879202-79.35108432---2010,9d7cb41e-6c6f-5e3e-8241-ec6c6976ab42,65.2436459878,Distance_Matrix-UTM17.csv
39.73964112-79.43981236---2010,a9e9106b-5aff-5dcb-8cd2-69a5af4a5d4b,83.9564669972,Distance_Matrix-UTM17.csv
39.83390855-80.02378004---2010,f03037c8-ac67-55ed-8886-98b584cc1c30,35.5850854426,Distance_Matrix-UTM17.csv
40.85937927-79.55366639---2010,be5bc4bf-9238-58a3-81cd-23137937f232,81.6795843037,Distance_Matrix-UTM17.csv
40.84744071-79.83774308---2008,6f92359e-4e2f-5a14-9da7-5f4afff96e05,49.7229573541,Distance_Matrix-UTM17.csv
40.11197217-79.79578341---2008,1a9aeebd-1f52-5bf5-aa80-b7dff0a18af0,42.6804922501,Distance_Matrix-UTM17.csv
40.81245617-79.57503563---2010,0acb0d25-da06-51ec-bcc1-fbc724ee07f8,17.9718151707,Distance_Matrix-UTM17.csv
40.26300005-80.38837507---2008,dd112f31-50d6-5457-a5ed-2d25f6193b7a,37.0443312742,Distance_Matrix-UTM17.csv
39.72552639-80.04259428---2010,218ef9e2-1f8b-5dc4-a6d7-630a076af874,115.176324171,Distance_Matrix-UTM17.csv
40.6769354-79.75033952---2010,aecec267-4bf0-5715-8c60-4fc54b2ff40b,200.439588819,Distance_Matrix-UTM17.csv
39.89932121-80.30346621---2008,fc10c8d7-3f26-5397-ae1f-d507b0a90896,484.93168928,Distance_Matrix-UTM17.csv
40.45491081-80.34097842---2010,49f5e302-bb63-50b8-bd14-6c5d23632c78,31.1623243676,Distance_Matrix-UTM17.csv
41.67428084-78.50185395---2005,1eb4411e-c8ad-5736-a7f2-6bafdd18efe2,148.898923947,Distance_Matrix-UTM17.csv
39.72188567-79.96234646---2008,1e47e3cb-2da5-5fbf-8785-5c3f77a24c3c,53.9797854223,Distance_Matrix-UTM17.csv
40.44527186-79.07821975---2010,d879be76-6d98-59b6-93e1-fd4507775a80,83.724699925,Distance_Matrix-UTM17.csv
39.73353935-79.98762287---2008,e1a7d5a7-f106-5d10-b5be-5855017652a3,30.016504095,Distance_Matrix-UTM17.csv
39.94113864-79.86363231---2008,38c64dd2-c5f7-5c80-9706-3f1b43dac944,41.3287954855,Distance_Matrix-UTM17.csv
39.91934092-79.97874957---2010,d689e865-7ae2-57db-a436-9f57742acf87,111.648460896,Distance_Matrix-UTM17.csv
40.43423571-79.07618596---2010,100758b1-b746-5450-aa4d-87dc7d4d0a5a,59.4086199082,Distance_Matrix-UTM17.csv
40.21706055-79.70281147---2010,528eed08-4a4c-5722-914e-1a81e0907d4a,46.8321357264,Distance_Matrix-UTM17.csv
40.74787778-79.50736836---2010,9171ee50-d466-5e7d-b95c-56bb92f800e9,230.278894293,Distance_Matrix-UTM17.csv
41.63734605-78.29997535---2010,c829d21b-7cf9-593d-a710-b90892d07717,215.013827805,Distance_Matrix-UTM17.csv
40.23714176-79.74717663---2008,cdd4205c-10ca-5746-baf9-e5d6f3adc9a4,80.5504010536,Distance_Matrix-UTM17.csv
39.86415722-80.02795354---2010,6ddeb482-4b9a-5697-9448-48ea29dddc13,39.1588484789,Distance_Matrix-UTM17.csv
40.2506242-79.75071645---2010,1a2b7250-9275-57bd-9f2e-bc9fef5f138e,526.71320506,Distance_Matrix-UTM17.csv
40.0891231-79.97404554---2010,a6c7ed9f-3dd0-50db-9f59-316992d124d6,105.941775003,Distance_Matrix-UTM17.csv
39.97984743-80.06872946---2010,ffa4f3bf-92ed-53d7-bbaf-014380e660c7,206.633743648,Distance_Matrix-UTM17.csv
41.41245831-78.27553057---2010,53529efd-283c-54c2-8dff-97d75efa4999,576.580398163,Distance_Matrix-UTM17.csv
40.23806848-79.74719293---2008,cdd4205c-10ca-5746-baf9-e5d6f3adc9a4,38.3680922308,Distance_Matrix-UTM17.csv
39.87306102-79.96437586---2008,a876ac1e-959c-5137-9cec-71e7968eb5e3,70.4137661787,Distance_Matrix-UTM17.csv
41.54943979-79.16499408---2010,e8908601-e898-5a89-b90f-0cf6a4311ef5,108.799903165,Distance_Matrix-UTM17.csv
39.98579775-80.11751711---2010,8cd5c0a3-7fa4-56e0-b7b2-f284905990c4,87.6880579151,Distance_Matrix-UTM17.csv
40.67667459-79.38270224---2010,a6f447b7-5eaf-580a-93df-4cc29d502a41,168.173153412,Distance_Matrix-UTM17.csv
40.85495484-79.57886017---2008,75d3c6cb-434a-5554-816b-c023d7c8c5cb,329.90787623,Distance_Matrix-UTM17.csv
41.20159849-79.21647317---2005,4e509dcc-953e-585a-b906-94c96851a9f5,168.06774202,Distance_Matrix-UTM17.csv
40.26301299-80.46514138---2010,042d0de7-9ccd-538e-bbc4-d8bc11971d68,49.5419170676,Distance_Matrix-UTM17.csv
40.33660302-79.35968229---2010,893d0cc4-558c-501a-9ac6-807075dc0614,103.96799915,Distance_Matrix-UTM17.csv
39.94255898-80.26449459---2010,31579713-1f0f-5a33-9cfa-ae67342cb92a,130.296628738,Distance_Matrix-UTM17.csv
39.88885814-80.02590974---2005,1899e747-da38-54c4-834f-0be8bd1adeb2,547.015714447,Distance_Matrix-UTM17.csv
39.90946392-79.96307561---2008,5f055201-7a27-5b14-8e1c-9d379959852d,361.031546393,Distance_Matrix-UTM17.csv
40.43916619-79.07734831---2010,100758b1-b746-5450-aa4d-87dc7d4d0a5a,615.17304806,Distance_Matrix-UTM17.csv
40.15541041-79.74779214---2010,a893e26f-33c0-553b-ac23-a594896ef0ad,153.065812378,Distance_Matrix-UTM17.csv
39.94513534-78.89488172---2010,65a25cde-4771-587f-a747-79239b8541a8,29.0776513393,Distance_Matrix-UTM17.csv
40.00824709-79.64998803---2010,86ea0098-51cf-52de-897a-5ff0e19af72e,4.3047796896,Distance_Matrix-UTM17.csv
40.22926342-80.32374456---2010,dbc2d9fe-a580-5ea8-85c0-1d5b63451596,47.5931833074,Distance_Matrix-UTM17.csv
40.18956688-79.93649792---2010,b0416085-5f11-5867-b5a6-22d232d6f3a4,88.150004938,Distance_Matrix-UTM17.csv
39.92422113-79.96744027---2008,c2b32a24-04bb-5751-8af1-df20ddc69548,45.9907399906,Distance_Matrix-UTM17.csv
40.24407671-80.34738009---2008,e3c106ca-f0e9-574c-998d-c3011b6c9425,38.2161651501,Distance_Matrix-UTM17.csv
40.84899311-78.24517303---2010,a8d17d8b-5722-5410-96df-8c52641a37b4,89.368573261,Distance_Matrix-UTM17.csv
40.20777221-79.69775106---2008,9eab5c16-41cf-5016-a753-d0b2e73aa4a7,589.867642515,Distance_Matrix-UTM17.csv
41.00082651-79.79132238---2010,3e6e6065-2465-5ce0-8bf4-9b5865c780cc,94.2112877049,Distance_Matrix-UTM17.csv
40.78418049-79.67405434---2010,936a824b-5f56-50f1-aea6-53298bfff2c5,70.2422577131,Distance_Matrix-UTM17.csv
40.33713788-79.3596032---2010,893d0cc4-558c-501a-9ac6-807075dc0614,55.6628653859,Distance_Matrix-UTM17.csv
40.07572627-80.24520214---2010,ff7ce21d-b91c-5085-b3b3-394a2051d59a,42.3657058829,Distance_Matrix-UTM17.csv
40.45423238-80.34533588---2010,c403cea5-4cdb-5a65-8d2e-33064ae374f7,190.541486031,Distance_Matrix-UTM17.csv
39.81632023-80.0226037---2010,a32415ec-19c4-50f0-9dfe-87c78701b0a7,1351.38481145,Distance_Matrix-UTM17.csv
39.94883223-79.8299432---2010,7a1e22ac-2dcf-57b3-b92d-c111ceabcf13,86.1705453719,Distance_Matrix-UTM17.csv
41.12334419-79.75347301---2008,94cc48a7-baa7-5e51-80b6-62f6fe5555f5,59.9591465096,Distance_Matrix-UTM17.csv
40.82596239-79.3298277---2010,f03ef8f0-bf86-5512-90ef-2a96749e95d6,394.712598089,Distance_Matrix-UTM17.csv
40.15153326-80.25299---2010,f91c0b9c-6a77-531b-996a-370f216bbbec,42.5149380537,Distance_Matrix-UTM17.csv
39.93830933-79.94959862---2008,1ab3c72d-f99d-500b-add0-832a4cde4918,595.239903793,Distance_Matrix-UTM17.csv
41.4162985-78.2492672---2010,67bdd1fe-6e5b-5ecc-8c8b-b39c13b28b1e,83.4038124583,Distance_Matrix-UTM17.csv
40.70599289-79.64320039---2010,154131f2-f607-5d8b-9d00-4879335d47e1,137.206430857,Distance_Matrix-UTM17.csv
40.75284093-79.78299325---2010,452609a1-83ec-5a75-987f-12ff7f770879,83.9249423832,Distance_Matrix-UTM17.csv
39.81888211-79.97574518---2010,c1dd85bb-4a01-5c7c-8929-7ee488d4ef04,80.6388095722,Distance_Matrix-UTM17.csv
39.97352513-79.6512077---2008,46e333b9-51d0-5ec9-b62d-011cb832a739,332.430866557,Distance_Matrix-UTM17.csv
40.51196606-79.18608886---2010,294979f5-9b2b-5698-99a9-6a15b266edea,154.122985251,Distance_Matrix-UTM17.csv
40.27397378-80.31862617---2008,8150a2a3-62ed-5be6-9f79-8666fb6706fd,492.314297092,Distance_Matrix-UTM17.csv
40.67503289-79.75212756---2010,3e906506-59e3-528f-aad5-7319f2248109,70.405626257,Distance_Matrix-UTM17.csv
40.27451769-80.25402429---2008,553c6dad-1097-51aa-91d0-857df08cd9eb,35.1160441302,Distance_Matrix-UTM17.csv
40.32981746-80.28393838---2010,3d53f2cf-a0dd-5bc4-8bb0-6030364d9883,193.502123239,Distance_Matrix-UTM17.csv
40.21488326-80.49490505---2010,ddcca452-4e64-51b2-9134-f42f7c50e175,35.1681871547,Distance_Matrix-UTM17.csv
39.83161428-80.0068659---2010,6bb3becb-ca34-50c8-8faf-4f8cf122a403,190.341707976,Distance_Matrix-UTM17.csv
40.16232771-79.34476011---2010,381d7a29-8346-56bb-aa08-3a25bdbde244,37.5186411799,Distance_Matrix-UTM17.csv
40.0926501-79.80205225---2008,23a73da7-6720-572e-a029-21029df88286,541.323774083,Distance_Matrix-UTM17.csv
40.77481885-80.1843121---2010,8066e299-7bc1-5999-ba2e-42a8995c67f3,37.7663731183,Distance_Matrix-UTM17.csv
40.10278046-79.79266108---2010,5e25a264-e737-5dfd-9ba3-ac0e4fa90bd1,67.0224265216,Distance_Matrix-UTM17.csv
40.27596571-80.3084104---2005,391123be-d805-56b0-ba52-554eb97f81fa,45.8271517258,Distance_Matrix-UTM17.csv
40.239712-80.46588705---2010,5fbb2453-2d20-55ba-828e-4d1510413973,105.574774617,Distance_Matrix-UTM17.csv
40.13884405-79.76345108---2010,701fe067-af90-50b8-9120-7248133e733c,161.608667202,Distance_Matrix-UTM17.csv
40.15109618-80.4162676---2010,e8779aaa-c642-517e-8750-860551f8ce34,52.7258122293,Distance_Matrix-UTM17.csv
41.45630018-79.29782916---2010,05f00c07-b169-5ce1-b0cd-3970cc6612f3,455.763797314,Distance_Matrix-UTM17.csv
40.19323906-79.71232065---2008,01113879-cc6d-54bb-8f4b-d91ff9aa9a4a,110.561258292,Distance_Matrix-UTM17.csv
40.28191497-80.24545705---2010,af7e4d9a-3fb1-5bb8-bcff-f148dee2d18d,704.579031607,Distance_Matrix-UTM17.csv
40.32974597-80.29903754---2010,1c4c5f0d-c457-52a0-bbff-aa486aec1463,322.009986862,Distance_Matrix-UTM17.csv
40.08641231-79.83622035---2010,e89ff8b6-4316-53c6-abf6-b6f8c907abe1,22.7685539712,Distance_Matrix-UTM17.csv
40.22913068-79.75554342---2008,6c42e59d-7f8b-551f-ad7e-46a1772caa06,509.897142906,Distance_Matrix-UTM17.csv
39.73237915-79.98119046---2010,e1a7d5a7-f106-5d10-b5be-5855017652a3,554.927963792,Distance_Matrix-UTM17.csv
40.65745088-79.78171099---2010,6d873861-94a0-578a-868a-ee7710372c79,72.7885886986,Distance_Matrix-UTM17.csv
39.85098244-79.85907766---2010,adb6a42e-2901-5ba0-a15c-0b0b303238ec,533.424070218,Distance_Matrix-UTM17.csv
39.98569351-80.28011807---2010,b09ff3f1-25cc-50a2-a2d2-1a4ec00eef7d,84.5519366461,Distance_Matrix-UTM17.csv
39.73262085-80.01359197---2008,9d340c50-aabf-5b67-8b5e-25269bb838b8,37.579913791,Distance_Matrix-UTM17.csv
40.8229513-79.32784097---2010,f03ef8f0-bf86-5512-90ef-2a96749e95d6,30.9144554886,Distance_Matrix-UTM17.csv
40.2255605-79.75154049---2010,8c0c7ea9-aa01-5d89-b7b2-32c27989acc3,177.24588366,Distance_Matrix-UTM17.csv
40.60470965-78.96047639---2010,902b0812-47c3-5314-a4e3-21d45dec0ba6,20.1484277098,Distance_Matrix-UTM17.csv
40.22630481-79.7498261---2008,8c0c7ea9-aa01-5d89-b7b2-32c27989acc3,253.829259867,Distance_Matrix-UTM17.csv
40.24957217-80.26176811---2010,c2770f51-361f-5ecd-8e37-cc1bb54beb08,157.924174517,Distance_Matrix-UTM17.csv
39.88584386-80.04487973---2010,b955ddb6-48f0-5238-bffd-52e15d918c87,133.332514043,Distance_Matrix-UTM17.csv
41.45978737-79.30156702---2010,05f00c07-b169-5ce1-b0cd-3970cc6612f3,75.2949994526,Distance_Matrix-UTM17.csv
40.85911039-79.52759237---2010,95b6a4c2-beb5-504d-a247-98830c302585,996.042753031,Distance_Matrix-UTM17.csv
40.26947395-80.301519---2010,c897e99f-da90-5cf3-9d36-2c396576b18d,26.3121326196,Distance_Matrix-UTM17.csv
39.90874799-79.94845942---2010,172886dc-1903-59e2-b128-2dad7d11b784,36.0629876009,Distance_Matrix-UTM17.csv
39.8676172-80.0496758---2008,cda81ed5-9ccd-5a6b-add0-1de27f70b9dc,111.899326753,Distance_Matrix-UTM17.csv
40.85049988-78.66115218---2010,f78971e0-ff6a-5153-8da7-ac77e3eeff07,95.0268514883,Distance_Matrix-UTM17.csv
40.00062704-79.70040184---2010,3265a9f2-22cd-55f9-a572-5c3d1594eaa4,39.7998777277,Distance_Matrix-UTM17.csv
40.2434925-80.32157035---2008,78d35955-c32d-5d7a-b1a8-7e0d07f58d28,37.9695419637,Distance_Matrix-UTM17.csv
39.88513395-80.04444644---2010,e7479c4f-8e0c-5c93-900e-8598daf5b365,129.162376795,Distance_Matrix-UTM17.csv
39.86846336-80.01196749---2010,ef986a01-79cf-5c7b-a940-ae3d8bfbecda,95.2893661089,Distance_Matrix-UTM17.csv
40.79195952-78.62067689---2010,30f10b94-9595-5f9e-9e54-631097b682fe,39.2417621289,Distance_Matrix-UTM17.csv
39.97959106-80.09288755---2010,c3b499f1-1e75-5fa8-a666-09a278adb681,154.704413604,Distance_Matrix-UTM17.csv
39.91839195-80.0480522---2008,f30e2346-1786-5a55-9a59-0bcb0f89a2e9,2347.43585294,Distance_Matrix-UTM17.csv
39.84232645-79.97601513---2008,9beb4edd-13cf-5cc7-8486-f7845927b4b6,60.4247064181,Distance_Matrix-UTM17.csv
40.24242586-79.7821916---2010,cf4e6b01-60f7-5afe-b981-dfd2f80b2b29,43.1079642723,Distance_Matrix-UTM17.csv
40.18895662-79.93539539---2010,b0416085-5f11-5867-b5a6-22d232d6f3a4,183.918112331,Distance_Matrix-UTM17.csv
39.91100227-79.95345193---2010,7e16fabb-4fe8-5c08-95dc-014b6e227b4b,259.850067236,Distance_Matrix-UTM17.csv
39.9483079-79.83015436---2010,7a1e22ac-2dcf-57b3-b92d-c111ceabcf13,42.9460924429,Distance_Matrix-UTM17.csv
39.92342812-80.00298078---2008,5f7f1e74-a08c-5c2b-a9d0-dc5f02f9582e,21.5129419675,Distance_Matrix-UTM17.csv
39.81754537-80.28588783---2010,bed0e9fb-1c5f-5832-8d7f-9b9d3a18705e,228.392528615,Distance_Matrix-UTM17.csv
39.81480722-80.03870042---2010,a32415ec-19c4-50f0-9dfe-87c78701b0a7,56.5466440097,Distance_Matrix-UTM17.csv
40.68462591-79.58817659---2008,629b118a-acda-5ce4-89fe-ac2c95424ebf,692.918792405,Distance_Matrix-UTM17.csv
40.82636601-80.05045786---2010,e7034a48-efe2-508f-8274-03f596d58477,94.9282058743,Distance_Matrix-UTM17.csv
40.25125022-80.32357221---2010,25b5df88-ad53-5775-a476-4e55782248b6,69.6774600953,Distance_Matrix-UTM17.csv
41.11330845-79.73987267---2008,8d1fd06d-c3ef-5315-9da6-b8ccfd0b3f82,49.8566780724,Distance_Matrix-UTM17.csv
39.95227674-80.09892007---2010,b863c790-187a-5ceb-82fe-bbdb503db264,268.83320881,Distance_Matrix-UTM17.csv
40.2258679-80.37965173---2010,2935e0c5-ee81-5569-b005-56bc8d04fe29,42.7159370627,Distance_Matrix-UTM17.csv
40.69452699-78.91548403---2010,95c57660-06e0-5298-a382-9613986411f4,33.1939197109,Distance_Matrix-UTM17.csv
40.45390771-80.34476233---2010,c403cea5-4cdb-5a65-8d2e-33064ae374f7,132.064080783,Distance_Matrix-UTM17.csv
40.99863522-79.44749652---2010,eb469718-a2fb-5974-83e1-1a9cc5dc0f97,120.411453087,Distance_Matrix-UTM17.csv
40.8341115-79.67303741---2010,a722f5b7-a159-5598-8a8b-dd3bac6b396d,19.9345462133,Distance_Matrix-UTM17.csv
39.93774125-79.95799137---2008,4b0fc64d-4c10-52ba-841e-059a0199ab08,353.121194343,Distance_Matrix-UTM17.csv
40.35477711-80.28065228---2010,32280908-b828-55b8-87ae-a23cd2453803,38.6563013377,Distance_Matrix-UTM17.csv
40.4458533-79.0780235---2010,d879be76-6d98-59b6-93e1-fd4507775a80,78.0911081133,Distance_Matrix-UTM17.csv
40.20715526-80.3676438---2008,42ae4815-6d54-5741-8fb9-5bef908ddc94,51.6051186238,Distance_Matrix-UTM17.csv
41.04252607-78.08458033---2010,17bfa0a8-c032-57b3-a23a-4fd7f166ba5a,30.277591979,Distance_Matrix-UTM17.csv
41.00083698-78.85745405---2010,3711f066-e275-5c65-b006-8c60f4eaf4b2,27.7097180034,Distance_Matrix-UTM17.csv
40.15570513-79.74838084---2010,a893e26f-33c0-553b-ac23-a594896ef0ad,134.040139593,Distance_Matrix-UTM17.csv
39.76773772-80.00426081---2010,8af0d0cb-0183-5dad-a982-07648c9ed736,184.588890661,Distance_Matrix-UTM17.csv
40.00975219-79.63225161---2010,06c4a8a2-37b3-5548-bc75-9e6446120a4e,142.056736763,Distance_Matrix-UTM17.csv
40.2797649-80.47662275---2010,d5212ce1-ffab-5feb-ae0b-515d96772e28,427.097511235,Distance_Matrix-UTM17.csv
39.88840842-80.29414286---2008,1704ae23-18a9-52de-880f-c531f654041c,66.7085487635,Distance_Matrix-UTM17.csv
41.641664-78.36656862---2010,3bbbe962-176c-58de-87c8-e42d9bb19c0b,564.477761365,Distance_Matrix-UTM17.csv
41.41412872-78.27145555---2010,53529efd-283c-54c2-8dff-97d75efa4999,275.584159718,Distance_Matrix-UTM17.csv
39.99637426-80.2785495---2010,80ec99be-474b-5008-928e-47d52afd1cd4,66.1101508887,Distance_Matrix-UTM17.csv
39.99627288-79.80489434---2010,1df0746d-b628-59a1-9e4d-28794e2d2623,320.564748055,Distance_Matrix-UTM17.csv
40.12021456-79.80248827---2008,2ad283b3-1ee0-580d-bc41-e1e99a07bceb,45.724579534,Distance_Matrix-UTM17.csv
40.03395705-79.18399969---2010,7f403d8f-9bfc-5166-a861-14ec27036220,81.5476521013,Distance_Matrix-UTM17.csv
40.20167463-79.7414046---2008,e08abf1f-fc3b-5375-b87f-d1f6a7f71a9e,107.531223352,Distance_Matrix-UTM17.csv
40.11632996-80.2257486---2010,f5a4c3a9-d92e-531c-b128-991f152e779c,208.568178937,Distance_Matrix-UTM17.csv
39.81507303-80.00421871---2008,9193daac-f172-5d18-a77c-fc78ac232cf0,28.938475866,Distance_Matrix-UTM17.csv
40.21200154-80.36211026---2010,42ae4815-6d54-5741-8fb9-5bef908ddc94,718.737606234,Distance_Matrix-UTM17.csv
40.72731963-79.61551984---2010,62d7de25-2b1d-5805-8e18-520fabbb31d8,97.248103705,Distance_Matrix-UTM17.csv
41.09612988-78.30763192---2008,83718681-6e88-5719-837b-018739e2ccba,20.9569828239,Distance_Matrix-UTM17.csv
39.82752881-79.9800192---2008,59d01532-d1d7-5915-84bd-32ac93b06ea1,459.713902738,Distance_Matrix-UTM17.csv
39.72600241-80.04198286---2010,218ef9e2-1f8b-5dc4-a6d7-630a076af874,40.7802363503,Distance_Matrix-UTM17.csv
39.93979886-79.22942763---2010,2fcd37cb-be4a-5d27-9778-8b16dd307e86,174.255760579,Distance_Matrix-UTM17.csv
41.68586655-78.62529689---2010,062b02e4-3327-5e67-9245-9ca2333e3c41,143.27390247,Distance_Matrix-UTM17.csv
40.2246367-79.71327591---2008,2ead0093-c02e-5910-afeb-5241a199ba61,16.9723563808,Distance_Matrix-UTM17.csv
39.84051723-80.08721094---2010,f126a067-26e1-5537-869f-a7afadd0e8f0,133.492691214,Distance_Matrix-UTM17.csv
39.93316554-79.95554348---2008,4b0fc64d-4c10-52ba-841e-059a0199ab08,737.614699954,Distance_Matrix-UTM17.csv
40.06659602-79.94699296---2010,0bd0f3af-62b4-597a-9331-73b80cfd3834,46.1014171517,Distance_Matrix-UTM17.csv
39.94591756-80.26432765---2010,10240a03-5ea5-5a9a-a76c-d44f6d0841ab,137.745757367,Distance_Matrix-UTM17.csv
39.95829264-79.83416898---2008,79c81531-a3cd-582e-950a-8be6ba8c4da7,37.672503176,Distance_Matrix-UTM17.csv
40.33704161-79.36107977---2010,893d0cc4-558c-501a-9ac6-807075dc0614,99.5177651682,Distance_Matrix-UTM17.csv
39.7698366-79.88963102---2010,07908d2d-8c0a-5ff5-82e6-57bf146972f4,97.040983312,Distance_Matrix-UTM17.csv
39.8184915-79.97667404---2010,c1dd85bb-4a01-5c7c-8929-7ee488d4ef04,39.139559929,Distance_Matrix-UTM17.csv
40.19221724-79.71269645---2008,01113879-cc6d-54bb-8f4b-d91ff9aa9a4a,10.6313502146,Distance_Matrix-UTM17.csv
39.86730135-79.99292207---2010,318839d9-25b6-5e40-ba05-2aca9ce35849,135.732804878,Distance_Matrix-UTM17.csv
40.28474229-79.70169762---2010,727fdca4-69c3-50fb-94d8-ac533c73050f,50.9452872126,Distance_Matrix-UTM17.csv
39.89776211-80.28662898---2010,191df08a-aad3-5a6a-8b74-5abd117b4a11,219.05992398,Distance_Matrix-UTM17.csv
39.97218269-79.8266529---2010,4aebdc34-e171-51bc-a18b-8a3f6b65418c,750.856636759,Distance_Matrix-UTM17.csv
39.77203563-80.00584467---2010,ab1cbb0f-feba-54e8-a6af-cd8763e1368f,56.2278639498,Distance_Matrix-UTM17.csv
40.80314687-80.06509412---2010,a5cf21ef-9357-5070-a8a2-de053e9ebecb,244.789527732,Distance_Matrix-UTM17.csv
40.09140398-80.2275632---2010,d6050f84-0599-549b-bced-e6eab5321067,25.2198870067,Distance_Matrix-UTM17.csv
39.86292683-80.02699945---2010,6ddeb482-4b9a-5697-9448-48ea29dddc13,156.175927122,Distance_Matrix-UTM17.csv
41.67481439-78.50263648---2005,1eb4411e-c8ad-5736-a7f2-6bafdd18efe2,66.7947217756,Distance_Matrix-UTM17.csv
39.82530378-79.95520076---2010,492a5a15-2910-5fc5-a8bc-2aff1c1fc29d,40.2186408872,Distance_Matrix-UTM17.csv
39.73255495-79.95728005---2010,6c61de29-f8b7-5f5f-8620-347dde7c6794,43.8523936168,Distance_Matrix-UTM17.csv
40.273234-80.2579745---2010,1c7ea229-9bb6-53a8-93de-ed3342979c45,33.588146038,Distance_Matrix-UTM17.csv
40.09325247-79.96790668---2010,a6c7ed9f-3dd0-50db-9f59-316992d124d6,775.407732581,Distance_Matrix-UTM17.csv
39.90535741-80.14390567---2010,edf230d1-0156-5038-b031-d29e8680da69,88.2848319978,Distance_Matrix-UTM17.csv
40.232-80.34122789---2010,55065d23-6003-5a66-af78-2da29130e181,287.43632226,Distance_Matrix-UTM17.csv
40.0203788-80.16605805---2010,9c0dc269-7ef4-5c02-9931-10547db420a0,37.2234352056,Distance_Matrix-UTM17.csv
40.2051495-80.42110816---2010,63355a58-07ec-580d-ba99-d293d79e7638,172.855171042,Distance_Matrix-UTM17.csv
41.67398984-78.25532752---2010,389852ce-9166-54f2-814a-d476063489c7,338.884062529,Distance_Matrix-UTM17.csv
40.01098189-79.63159649---2008,06c4a8a2-37b3-5548-bc75-9e6446120a4e,18.2313725867,Distance_Matrix-UTM17.csv
39.87921966-80.38222772---2010,20013aa9-b214-5fb0-b08e-1901929dc780,37.0538647989,Distance_Matrix-UTM17.csv
39.95858643-79.84020117---2010,d3bdacfd-aad3-5140-998d-53e9a78efb80,15.0755028917,Distance_Matrix-UTM17.csv
41.41561664-78.24833059---2010,67bdd1fe-6e5b-5ecc-8c8b-b39c13b28b1e,31.5715054034,Distance_Matrix-UTM17.csv
39.92655068-79.95896533---2008,ce73b089-1ba8-59d3-a53c-f420001306b3,329.806386282,Distance_Matrix-UTM17.csv
40.8774897-79.52147046---2010,6381a0d1-ecda-516e-9dcb-5eaf414ec726,31.4733603576,Distance_Matrix-UTM17.csv
40.01809718-79.73062978---2010,6026d858-d4db-59ed-a9d8-6a566b6d9544,23.8237683766,Distance_Matrix-UTM17.csv
39.95807101-79.68648407---2008,8e90b04f-4105-5c46-a3f2-3d14a00d573f,482.062327436,Distance_Matrix-UTM17.csv
41.41487876-78.27182225---2010,53529efd-283c-54c2-8dff-97d75efa4999,195.563249041,Distance_Matrix-UTM17.csv
39.89685113-80.06869313---2010,8f359747-86c4-55e1-a3f2-de048fbf1e3d,80.2809387408,Distance_Matrix-UTM17.csv
39.94180514-80.02513962---2008,d3c78684-3067-5344-8f34-53f7cf48598d,7.7905128952,Distance_Matrix-UTM17.csv
40.14905421-79.35000192---2010,9d7cb41e-6c6f-5e3e-8241-ec6c6976ab42,39.5431781393,Distance_Matrix-UTM17.csv
40.43387164-79.0709601---2010,fcd50a4d-cde8-55ea-a78d-246dd0f07027,47.391847437,Distance_Matrix-UTM17.csv
41.87266257-78.61767525---2008,d6d67004-2f20-578e-8f58-d62816ddd0ec,991.233623652,Distance_Matrix-UTM17.csv
40.86245281-79.77236412---2010,f4a1ef08-ef90-59c1-a6c8-78e26eade4a9,45.5198124531,Distance_Matrix-UTM17.csv
41.07859715-78.01070229---2005,0c028451-3217-5e8d-ad7c-8dfac879d2fb,306.94557326,Distance_Matrix-UTM17.csv
41.84816231-78.15678804---2010,143d5620-3f6c-53b8-aa7b-6b466069a136,64.9324236207,Distance_Matrix-UTM17.csv
40.12374252-80.21723332---2010,031b424f-b566-55aa-a00f-657f805007a0,157.862366817,Distance_Matrix-UTM17.csv
39.74023177-79.43963361---2010,a9e9106b-5aff-5dcb-8cd2-69a5af4a5d4b,16.8171349012,Distance_Matrix-UTM17.csv
40.12917083-79.77746773---2010,ea2b33d8-fd52-52e6-a036-413b2f3cf61d,47.1026085347,Distance_Matrix-UTM17.csv
40.99968583-79.44815442---2010,eb469718-a2fb-5974-83e1-1a9cc5dc0f97,26.4497739127,Distance_Matrix-UTM17.csv
40.020697-80.16819484---2010,9c0dc269-7ef4-5c02-9931-10547db420a0,194.252698773,Distance_Matrix-UTM17.csv
40.28486243-79.70236033---2010,727fdca4-69c3-50fb-94d8-ac533c73050f,49.6827242992,Distance_Matrix-UTM17.csv
39.93779321-79.46923809---2010,864b28b6-45c2-5c7d-a87c-8583cb7b1f84,30.3306570653,Distance_Matrix-UTM17.csv
41.0014008-79.79088438---2010,3e6e6065-2465-5ce0-8bf4-9b5865c780cc,112.493255813,Distance_Matrix-UTM17.csv
39.85673727-79.98732319---2008,75a2a385-50b3-56ce-b498-e01e206c9a1d,60.8697903106,Distance_Matrix-UTM17.csv
39.93219103-79.8568847---2005,f35cf5ab-4c39-57b4-ad7d-6df22d6b2447,243.260346291,Distance_Matrix-UTM17.csv
40.3061732-80.23391558---2010,ff722dfb-0752-56ff-9633-d8318133ed33,44.965018928,Distance_Matrix-UTM17.csv
39.87930548-79.98371151---2008,6b86ddba-fe1e-5ea7-8158-c9b3c8c3cf65,11.7112383531,Distance_Matrix-UTM17.csv
39.91356568-79.95135505---2010,60f48cf5-3316-5f2d-be69-e4b581af5bc0,89.4740184475,Distance_Matrix-UTM17.csv
40.0107192-80.01798107---2010,7415c6fe-94e4-51c8-8a58-325bad83b3c1,60.1828136245,Distance_Matrix-UTM17.csv
40.63310482-79.36861128---2008,bd23cd36-551c-52f5-a034-318522de0f8d,371.661280899,Distance_Matrix-UTM17.csv
40.6746917-79.75145768---2010,3e906506-59e3-528f-aad5-7319f2248109,45.3033897299,Distance_Matrix-UTM17.csv
40.83876284-80.05462967---2010,e9666f75-61fb-5e0c-8812-6eb1517345b2,29.855836857,Distance_Matrix-UTM17.csv
39.96819979-80.11052374---2010,22044b09-54ba-5f4b-ab36-3ddaa42e5865,41.8020432674,Distance_Matrix-UTM17.csv
40.28587902-80.34968133---2008,13f008fb-97b0-5074-bf65-bc5ce51efed5,191.870700105,Distance_Matrix-UTM17.csv
40.17833898-80.40645807---2010,47ea359a-1f22-5622-908d-6d0dbbcda56b,143.903033393,Distance_Matrix-UTM17.csv
40.01230528-79.87810432---2010,808304fe-7469-5f31-8fab-87ead724562f,160.851258173,Distance_Matrix-UTM17.csv
40.24498766-80.28086853---2010,90eda133-b64e-5faa-9d3f-d04e7efa6d6f,192.032435144,Distance_Matrix-UTM17.csv
39.88312444-80.04688338---2010,e7479c4f-8e0c-5c93-900e-8598daf5b365,178.175285585,Distance_Matrix-UTM17.csv
40.11653958-80.22857461---2010,f5a4c3a9-d92e-531c-b128-991f152e779c,43.9722077575,Distance_Matrix-UTM17.csv
40.08956256-80.22754523---2010,d6050f84-0599-549b-bced-e6eab5321067,197.586744798,Distance_Matrix-UTM17.csv
39.93805883-79.46981519---2010,864b28b6-45c2-5c7d-a87c-8583cb7b1f84,77.6381264753,Distance_Matrix-UTM17.csv
40.36215798-79.32985276---2008,ffb69ef9-fd3a-5eda-86e0-aa3a8cab95c4,181.531264725,Distance_Matrix-UTM17.csv
41.63738007-78.36944803---2010,3bbbe962-176c-58de-87c8-e42d9bb19c0b,46.4857157773,Distance_Matrix-UTM17.csv
39.93572783-79.85304138---2010,f1e767f1-24fd-5129-b9b6-8363bc0b0bf0,72.6966575202,Distance_Matrix-UTM17.csv
41.67105853-78.25402161---2010,389852ce-9166-54f2-814a-d476063489c7,26.5016119421,Distance_Matrix-UTM17.csv
40.83569818-79.55332215---2010,a0adb300-519d-500f-902d-0b28130fcc7c,123.067177875,Distance_Matrix-UTM17.csv
40.15455787-79.7496594---2010,a893e26f-33c0-553b-ac23-a594896ef0ad,33.5797674965,Distance_Matrix-UTM17.csv
40.1316432-78.76231906---2010,c07bca14-aa84-5bfb-8169-5c1e488906ed,41.1856996606,Distance_Matrix-UTM17.csv
39.94607841-78.89396178---2010,65a25cde-4771-587f-a747-79239b8541a8,135.518368566,Distance_Matrix-UTM17.csv
40.29134473-80.2479913---2010,428e5f3b-3e22-5d1e-8789-4e62cd773204,38.0444019289,Distance_Matrix-UTM17.csv
39.85278424-79.97256446---2008,fa527b32-8265-50d1-845b-15e4f0377298,368.330883484,Distance_Matrix-UTM17.csv
40.00017422-79.66097548---2010,993532d7-e57f-58d1-93b0-8c63cea41c5e,44.1947539951,Distance_Matrix-UTM17.csv
39.95296472-80.09291201---2010,61e053e8-2be1-541b-ab37-abf56bbf5aa0,42.6883958375,Distance_Matrix-UTM17.csv
41.30637336-79.34708387---2010,5e302671-e88a-5b2d-86b7-645d1e8dbe2f,263.390959232,Distance_Matrix-UTM17.csv
40.43903423-79.07292307---2010,fcd50a4d-cde8-55ea-a78d-246dd0f07027,640.492526973,Distance_Matrix-UTM17.csv
39.93335671-80.04609773---2008,f30e2346-1786-5a55-9a59-0bcb0f89a2e9,1413.97669633,Distance_Matrix-UTM17.csv
40.11532552-79.79578138---2008,0f9bd850-fd49-5001-bccf-2cda70d5ef55,21.4135466272,Distance_Matrix-UTM17.csv
40.78289596-79.50409419---2010,dffdd2f9-9238-5f9c-bfcc-2d30668ab35b,70.1877671866,Distance_Matrix-UTM17.csv
41.04648878-79.3463486---2010,66049df0-9dea-5c88-a3d6-e93d70f9c94a,8.1662501852,Distance_Matrix-UTM17.csv
40.35358347-78.56591088---2010,f2707d2a-2e47-5103-8771-4744815f9798,37.0367446751,Distance_Matrix-UTM17.csv
40.63006236-79.36724996---2010,bd23cd36-551c-52f5-a034-318522de0f8d,24.7542016761,Distance_Matrix-UTM17.csv
40.25432965-80.24878436---2008,c5b7ef38-3f7f-576b-87a9-56019d76eafa,46.0408298395,Distance_Matrix-UTM17.csv
40.64888237-79.77792921---2010,63c4255c-f87d-5e15-ad65-bbee0b25d141,29.2885311896,Distance_Matrix-UTM17.csv
40.17827756-80.40646303---2008,47ea359a-1f22-5622-908d-6d0dbbcda56b,150.708453274,Distance_Matrix-UTM17.csv
39.95207325-80.09204552---2010,61e053e8-2be1-541b-ab37-abf56bbf5aa0,164.326810341,Distance_Matrix-UTM17.csv
41.41743345-78.2693459---2005,53529efd-283c-54c2-8dff-97d75efa4999,193.99695005,Distance_Matrix-UTM17.csv
40.19614716-80.35208092---2010,b30068f9-9b68-5b32-b5d9-34b7e57a4399,30.423817519,Distance_Matrix-UTM17.csv
40.18231381-79.74326278---2008,f715c4b8-f3dc-5dd6-9e8b-c2a8ad6c7fc7,38.5477235415,Distance_Matrix-UTM17.csv
41.63704846-78.29905111---2010,c829d21b-7cf9-593d-a710-b90892d07717,131.236262202,Distance_Matrix-UTM17.csv
39.88414623-80.04915014---2010,aac51b26-e563-53db-bb2e-20e3193fd799,84.5834793806,Distance_Matrix-UTM17.csv
40.82628991-80.04966839---2010,e7034a48-efe2-508f-8274-03f596d58477,28.6845974348,Distance_Matrix-UTM17.csv
39.90387797-79.95945069---2008,b5145af6-c29a-5bca-b9fa-91937c114980,65.6632716325,Distance_Matrix-UTM17.csv
40.25529999-79.7608976---2010,07eae775-2715-52e3-b126-70aa314a0a88,48.2927146906,Distance_Matrix-UTM17.csv
40.23145306-80.27275531---2010,770204c1-7411-5922-9164-ba83d0bbff2e,434.043440574,Distance_Matrix-UTM17.csv
40.10247817-79.79332462---2010,5e25a264-e737-5dfd-9ba3-ac0e4fa90bd1,41.0040134929,Distance_Matrix-UTM17.csv
40.35849995-79.33508901---2008,a8b4e8a6-acbc-56af-b653-7ba20e6012c6,57.8314651479,Distance_Matrix-UTM17.csv
39.9385239-79.9680123---2010,cba0701c-48c3-51db-a313-69c8e69544f5,103.161061873,Distance_Matrix-UTM17.csv
40.21753741-79.70314231---2010,528eed08-4a4c-5722-914e-1a81e0907d4a,53.7686732206,Distance_Matrix-UTM17.csv
41.02675789-78.81655876---2010,4c6624eb-dc64-59eb-ac7e-80d50beeee5d,60.4185878331,Distance_Matrix-UTM17.csv
39.92786633-79.96183015---2010,ce73b089-1ba8-59d3-a53c-f420001306b3,45.0411156705,Distance_Matrix-UTM17.csv
40.24886543-79.74503751---2008,1a2b7250-9275-57bd-9f2e-bc9fef5f138e,65.9708186362,Distance_Matrix-UTM17.csv
40.24295203-79.78245311---2010,cf4e6b01-60f7-5afe-b981-dfd2f80b2b29,44.7970009074,Distance_Matrix-UTM17.csv
40.09242755-79.96772869---2010,a6c7ed9f-3dd0-50db-9f59-316992d124d6,723.013350499,Distance_Matrix-UTM17.csv
39.73368365-79.80034339---2010,bacdb174-65bc-5345-9499-593e459f6192,72.8904897515,Distance_Matrix-UTM17.csv
40.74732832-79.50734575---2010,9171ee50-d466-5e7d-b95c-56bb92f800e9,173.039205878,Distance_Matrix-UTM17.csv
40.24524036-80.35034492---2010,e3c106ca-f0e9-574c-998d-c3011b6c9425,318.10202888,Distance_Matrix-UTM17.csv
40.86085134-79.57862335---2010,6b6d72eb-cb9b-5b0c-ab64-9d0b6cca4a15,121.549082687,Distance_Matrix-UTM17.csv
40.3366787-79.36549745---2010,893d0cc4-558c-501a-9ac6-807075dc0614,470.116802818,Distance_Matrix-UTM17.csv
40.20241337-79.74133068---2008,e08abf1f-fc3b-5375-b87f-d1f6a7f71a9e,25.9479236252,Distance_Matrix-UTM17.csv
40.74576185-79.50848879---2010,9171ee50-d466-5e7d-b95c-56bb92f800e9,34.9253323101,Distance_Matrix-UTM17.csv
40.2606939-80.39105127---2008,ac1fe70f-06a7-51a2-bbad-f0188df47484,40.753577148,Distance_Matrix-UTM17.csv
40.28590959-80.34965786---2010,13f008fb-97b0-5074-bf65-bc5ce51efed5,195.462109912,Distance_Matrix-UTM17.csv
39.86324406-79.97699555---2008,ae664fe9-676d-5e72-8284-03db14bed30d,327.493988583,Distance_Matrix-UTM17.csv
40.24128016-80.36497016---2010,a31d8807-2456-50ab-a983-47d491a28160,35.6282448346,Distance_Matrix-UTM17.csv
40.49403518-79.56642876---2008,77415556-dad4-58d5-932f-5768af07afb5,93.4896456323,Distance_Matrix-UTM17.csv
40.85838281-79.54036373---2010,95b6a4c2-beb5-504d-a247-98830c302585,547.274029384,Distance_Matrix-UTM17.csv
40.00971848-79.65028017---2010,86ea0098-51cf-52de-897a-5ff0e19af72e,161.54906741,Distance_Matrix-UTM17.csv
40.29606644-80.38187161---2010,85b92c7d-80e4-5793-9340-fe8a7084d529,396.060722818,Distance_Matrix-UTM17.csv
40.17880092-80.41146219---2008,4d843a50-b4b4-5c0b-8dd8-e45deacf6542,47.7439486376,Distance_Matrix-UTM17.csv
39.99172192-80.28696004---2010,8a9017f3-f88a-5a5e-9110-c9e149f3a244,78.2766941466,Distance_Matrix-UTM17.csv
39.94275007-79.9829822---2008,fe42f038-659f-5779-907c-91cc1146ef79,46.8933557275,Distance_Matrix-UTM17.csv
39.84565233-79.97305452---2008,1eeb41fb-a628-5a3c-a043-33aff373d150,42.3357031277,Distance_Matrix-UTM17.csv
39.85072445-79.85994557---2010,adb6a42e-2901-5ba0-a15c-0b0b303238ec,529.069653527,Distance_Matrix-UTM17.csv
40.01608693-80.07417118---2010,5d7b415d-90b9-5c31-9020-1bbbebde8183,64.2661516374,Distance_Matrix-UTM17.csv
39.93763389-79.86291505---2008,8eb14e3b-7056-5a9d-850e-6adf46c5926c,6.7797021009,Distance_Matrix-UTM17.csv
41.14979404-78.46545269---2010,56ded5d4-8dcf-5381-bd32-17e82efa621d,736.836321943,Distance_Matrix-UTM17.csv
40.08584424-79.83615629---2010,e89ff8b6-4316-53c6-abf6-b6f8c907abe1,46.2067137603,Distance_Matrix-UTM17.csv
40.34059109-79.14487332---2010,9003aaed-0525-5fad-bc9e-efdc83a575b2,108.389592973,Distance_Matrix-UTM17.csv
40.09184763-79.81035383---2010,6de24f6e-3918-5217-94e4-9d39fe1884f8,55.7178055147,Distance_Matrix-UTM17.csv
39.76863611-80.00618558---2010,8af0d0cb-0183-5dad-a982-07648c9ed736,102.446017267,Distance_Matrix-UTM17.csv
39.84819761-79.97436943---2008,1eeb41fb-a628-5a3c-a043-33aff373d150,336.405719588,Distance_Matrix-UTM17.csv
41.68721532-78.63280158---2005,062b02e4-3327-5e67-9245-9ca2333e3c41,725.938536758,Distance_Matrix-UTM17.csv
40.37115972-79.33921486---2010,4bee1776-c2d0-5cdd-a216-a6b9d33cf5a2,32.0163072688,Distance_Matrix-UTM17.csv
40.21540718-80.31517013---2008,9d77abfa-a807-54d0-bd39-4837f031b0bb,50.128369094,Distance_Matrix-UTM17.csv
40.22335561-79.75013337---2008,8c0c7ea9-aa01-5d89-b7b2-32c27989acc3,95.3608246482,Distance_Matrix-UTM17.csv
40.17391675-80.05255029---2010,7ff3bc49-36df-5c1e-a654-697d6259ebed,118.195213227,Distance_Matrix-UTM17.csv
39.82462732-79.98179796---2008,9586fb6c-40a6-55b6-9c27-c641e7cb2d15,674.131512304,Distance_Matrix-UTM17.csv
39.73900214-79.83312688---2010,67311f92-7c4a-5993-b5dd-1c65ebef4009,43.1018276054,Distance_Matrix-UTM17.csv
39.95812019-79.83948352---2010,d3bdacfd-aad3-5140-998d-53e9a78efb80,94.2694182818,Distance_Matrix-UTM17.csv
39.89321834-80.29630955---2008,795380d1-014c-5ce9-a9b6-32ac6f24b415,51.9961589692,Distance_Matrix-UTM17.csv
39.9848523-79.69061716---2010,00e1f43f-cc8d-54d6-b7a9-5abdb84fed46,29.3900291535,Distance_Matrix-UTM17.csv
40.78218795-79.50379418---2010,dffdd2f9-9238-5f9c-bfcc-2d30668ab35b,118.183431585,Distance_Matrix-UTM17.csv
41.14407164-78.474847---2010,f86a824c-41a2-582b-a978-9bbaed7e02d6,4.5932947001,Distance_Matrix-UTM17.csv
40.19130882-79.882528---2010,241784fd-572d-5aa7-a1ea-48cf75148055,147.959212034,Distance_Matrix-UTM17.csv
39.92178087-79.94548445---2008,60f48cf5-3316-5f2d-be69-e4b581af5bc0,1068.68085194,Distance_Matrix-UTM17.csv
40.64978184-79.77865041---2010,63c4255c-f87d-5e15-ad65-bbee0b25d141,145.378015038,Distance_Matrix-UTM17.csv
41.9065738-76.92537056---2010,def69ddd-d528-53f3-aa69-60ee4e4fe1a8,36.3956004324,Distance_Matrix-UTM18.csv
41.73430056-77.16470696---2010,ee305593-9e63-569b-9f94-a5506659ec14,116.456234648,Distance_Matrix-UTM18.csv
41.74847203-76.80525856---2010,e8c61813-9f99-5c3e-b47d-4f99c42caf05,135.236707077,Distance_Matrix-UTM18.csv
41.2759595-76.64983644---2010,2071ce08-1cbf-51b4-ac17-d36f7d4e8439,39.6533692566,Distance_Matrix-UTM18.csv
41.72624898-75.90319835---2008,bfb753ab-2301-5838-b6ed-86109c2f7c38,10.7250300967,Distance_Matrix-UTM18.csv
41.2553708-76.64459973---2010,8a7a60f3-aa6d-5829-bce0-b128720c10fc,37.5639828737,Distance_Matrix-UTM18.csv
41.79037269-77.33004819---2010,e4522050-966d-55c6-9769-5242fd5ae5be,39.3351801703,Distance_Matrix-UTM18.csv
41.70717579-76.31460629---2010,6885d5c2-17e1-5449-bdcb-657563adc1c8,710.991649971,Distance_Matrix-UTM18.csv
41.09179457-77.96880945---2008,05ee37b0-3e11-53ec-a522-ae8ba09b3d4f,75.2913431407,Distance_Matrix-UTM18.csv
41.80849318-76.36600918---2010,5bf23a7b-09ae-56f6-8668-652bbfb845c2,541.005562896,Distance_Matrix-UTM18.csv
41.72644016-75.89253745---2008,92689187-8064-5072-b355-e47ec74270a2,57.7520760163,Distance_Matrix-UTM18.csv
41.72925728-75.87189478---2008,4841c598-3f37-5656-8525-45990fb6c6ee,12.5063117807,Distance_Matrix-UTM18.csv
41.71494658-76.36594793---2008,fc6c2fc5-dd79-56f1-a035-a98989c335c5,35.8177886225,Distance_Matrix-UTM18.csv
41.59708579-75.57175492---2010,66d21ace-a345-574f-90d3-c4a1ea005454,192.252445411,Distance_Matrix-UTM18.csv
41.73935068-77.21563641---2010,02843959-49c4-54ad-86be-b44c59899be6,49.8284962837,Distance_Matrix-UTM18.csv
41.8468575-76.92333291---2010,3205d44b-7946-59dc-ba78-c629dc749445,90.1340009581,Distance_Matrix-UTM18.csv
41.69371809-77.35990027---2010,4ed45832-cc31-5d44-abf9-96f96de0d409,90.3329809738,Distance_Matrix-UTM18.csv
41.27457871-77.26790184---2008,4b8df70d-4e57-52f8-aedf-7911cae6109d,72.8187419021,Distance_Matrix-UTM18.csv
41.98793626-76.99046838---2010,bf599014-6c67-5ea3-8323-6eab1909ede3,62.5461011619,Distance_Matrix-UTM18.csv
41.73482152-77.37468586---2008,b25e423c-1787-5a92-a632-a4502427b1e8,44.7164715168,Distance_Matrix-UTM18.csv
41.27589822-77.27849922---2010,0db8e646-f536-5d87-a2f5-41a2460965f9,591.768912462,Distance_Matrix-UTM18.csv
41.79471677-76.22483434---2010,e4204dd5-8419-50e4-ab81-17f875a2e0d3,56.2155176127,Distance_Matrix-UTM18.csv
41.80892777-76.53915899---2010,499560c4-0060-5f96-b53e-4f4a5d246962,88.1588014268,Distance_Matrix-UTM18.csv
41.88901657-76.93721438---2010,0da98ab4-4a3f-526f-ae27-0f6dc68122a4,54.2602535721,Distance_Matrix-UTM18.csv
41.85096206-76.91785601---2010,76f89d92-798d-5a12-9caa-12b71b9da306,77.8439655745,Distance_Matrix-UTM18.csv
41.71293345-77.29027167---2010,1fd6b9c0-d059-5ed4-a225-65e18db4be05,118.665248275,Distance_Matrix-UTM18.csv
41.71242388-76.32013383---2010,6885d5c2-17e1-5449-bdcb-657563adc1c8,52.0738008389,Distance_Matrix-UTM18.csv
41.66899448-77.61391637---2010,89ab4bd9-5884-5939-9bdf-22e965440b2d,102.676032464,Distance_Matrix-UTM18.csv
41.71612487-76.19433625---2010,13e1e27d-ddd9-5e04-b5a2-a5d4c44e3f44,832.212887617,Distance_Matrix-UTM18.csv
41.74662609-77.20244254---2010,2fd49d09-7cf8-5488-9465-01a2e91d4c96,90.5382875437,Distance_Matrix-UTM18.csv
41.80802311-76.93385347---2010,e6a1d6dd-95a9-53b4-ac81-442c668ecfc5,49.908756993,Distance_Matrix-UTM18.csv
41.95814548-76.93724449---2010,7b960686-9923-5de0-a37d-a863a58afeb0,81.4594052635,Distance_Matrix-UTM18.csv
41.71302986-75.88716827---2010,d06884f6-7dc4-580f-9c44-1cf744ae235d,155.61271606,Distance_Matrix-UTM18.csv
41.67550121-77.34610026---2010,db3dfa30-4215-504f-b8df-0c36a3fb1a28,89.9539455268,Distance_Matrix-UTM18.csv
41.80918412-76.53858478---2010,499560c4-0060-5f96-b53e-4f4a5d246962,137.956446988,Distance_Matrix-UTM18.csv
41.27621014-76.55892737---2005,5596760c-5af6-52fc-a4d5-4ee19a6d5d4e,609.967562094,Distance_Matrix-UTM18.csv
41.96583614-77.03795236---2010,8e27dca5-5821-54af-9488-1d397e8e56e9,97.6904651543,Distance_Matrix-UTM18.csv
41.07364466-77.98226547---2010,23d4eb70-43df-5e02-ab48-d5cf1ceb62e2,120.045182803,Distance_Matrix-UTM18.csv
41.40651415-77.16075304---2008,3f76cc0d-f6be-5b54-9575-d0f43a35bf64,5.4288119422,Distance_Matrix-UTM18.csv
41.71882241-75.89948812---2010,8bcb4350-857f-51c5-a610-18b120ffd6cc,26.8440962053,Distance_Matrix-UTM18.csv
41.59617456-75.57136908---2010,66d21ace-a345-574f-90d3-c4a1ea005454,127.820140463,Distance_Matrix-UTM18.csv
41.68550814-77.60583656---2010,1a181cb7-249c-516d-9e86-d784473b02d1,201.376057881,Distance_Matrix-UTM18.csv
41.73570549-76.79412175---2010,a76d2539-bd87-5200-b156-45893c5c7bd3,117.988990507,Distance_Matrix-UTM18.csv
41.34362004-77.25873391---2010,2191aca5-edd5-55fe-b135-366a041bc74c,29.8685013999,Distance_Matrix-UTM18.csv
41.74722636-76.78557029---2010,1b8231d5-791f-5040-8d16-01a09db60511,168.533144217,Distance_Matrix-UTM18.csv
41.87415958-77.66392847---2008,bd258f1a-d267-5bd7-b51b-555c83de81ce,80.9738106058,Distance_Matrix-UTM18.csv
41.75330359-77.33874642---2008,9b1bd6e1-a530-5f6d-8701-37e3b9d0efd0,27.0144083038,Distance_Matrix-UTM18.csv
41.71830078-77.33260255---2010,88e169d1-c87a-5e4c-acd7-0ac5644b1946,73.642782559,Distance_Matrix-UTM18.csv
41.78918709-77.01830708---2010,58144798-2a82-5261-aa21-ea24c00d91dc,81.0960381876,Distance_Matrix-UTM18.csv
41.83572536-76.96673679---2010,8c1395c2-414a-5e52-bf9c-bb14edf7a0cf,30.2837218252,Distance_Matrix-UTM18.csv
41.2645431-76.62997165---2010,0cdc3925-4712-5651-9524-d392f836e88e,205.997426454,Distance_Matrix-UTM18.csv
41.27480237-76.5659369---2010,5596760c-5af6-52fc-a4d5-4ee19a6d5d4e,82.3193888625,Distance_Matrix-UTM18.csv
41.73021699-75.90843734---2010,9478d435-b6d7-56a1-8489-614aa86700db,43.2759954123,Distance_Matrix-UTM18.csv
41.8660212-76.60972882---2010,f2b7ab2a-db38-5849-a770-391c0eb9ace4,62.5521569107,Distance_Matrix-UTM18.csv
41.68894473-77.52774933---2010,a14c83a0-0986-552a-bc33-8520d640871e,46.6116184671,Distance_Matrix-UTM18.csv
41.74640756-76.78738867---2010,1b8231d5-791f-5040-8d16-01a09db60511,76.4560938721,Distance_Matrix-UTM18.csv
41.75514698-77.36820972---2008,8086291c-cdae-5e2f-aec1-234c6ee889d3,18.6613454844,Distance_Matrix-UTM18.csv
41.7080484-75.87158066---2008,cce434bc-6bc1-5760-970c-1f466951615d,27.5408453506,Distance_Matrix-UTM18.csv
41.37676808-77.13518701---2010,b0f18714-98c1-5d05-9cc0-2e22946bd498,198.723763721,Distance_Matrix-UTM18.csv
41.64598848-76.39235157---2010,d2408df4-d973-511a-b894-6d372a8e6e30,748.928008904,Distance_Matrix-UTM18.csv
41.98886329-76.98512842---2010,fe95b727-f1a1-5022-ab98-2ba079ae0cba,463.204523175,Distance_Matrix-UTM18.csv
41.76817718-76.5344788---2010,77a1d2e9-70ca-5a54-8bf3-a0133c09ce9f,524.252783529,Distance_Matrix-UTM18.csv
41.27081481-77.27903068---2008,0db8e646-f536-5d87-a2f5-41a2460965f9,32.7621410697,Distance_Matrix-UTM18.csv
41.9303336-76.9449712---2010,e64b12eb-1079-520e-9480-ab67bfb3598d,46.1998198984,Distance_Matrix-UTM18.csv
41.70432243-77.56277632---2008,ffcd1a4d-6343-5905-bd64-939c63ab2c8f,40.1662724769,Distance_Matrix-UTM18.csv
41.7503361-76.14190895---2010,8faa7b04-1d39-50c5-80d0-b566c9b6f160,46.6299775961,Distance_Matrix-UTM18.csv
41.70468538-77.56361297---2010,ffcd1a4d-6343-5905-bd64-939c63ab2c8f,119.98652971,Distance_Matrix-UTM18.csv
41.80941851-76.93405782---2010,e6a1d6dd-95a9-53b4-ac81-442c668ecfc5,113.974585679,Distance_Matrix-UTM18.csv
41.13440051-77.88622646---2010,386c16c3-288c-5566-839e-e23c98f33adf,34.0946105911,Distance_Matrix-UTM18.csv
41.26229995-76.61935054---2010,063bfbfc-66eb-523a-9f47-272142a50ad6,42.2574051807,Distance_Matrix-UTM18.csv
41.19300728-77.59206614---2010,3dd36793-0f70-5e8d-ac1a-66441fa2d546,34.4089724713,Distance_Matrix-UTM18.csv
41.77125659-77.15503668---2010,ef967a9f-51fe-515b-aafc-051640c5b16a,76.3497107406,Distance_Matrix-UTM18.csv
41.92899882-76.5782273---2008,019308d0-9842-561e-81fa-ed40f0d22498,39.4729434444,Distance_Matrix-UTM18.csv
41.37157201-77.14591764---2010,d949e14b-fcb7-55a3-997a-e189c626b89d,33.0086360902,Distance_Matrix-UTM18.csv
41.53324648-77.15881139---2010,24726010-dcf7-5210-b4b0-f125a4f30634,72.9516939807,Distance_Matrix-UTM18.csv
41.71655622-76.13524211---2008,5b4538e6-f94d-5936-8943-9658a3f94256,38.1277461743,Distance_Matrix-UTM18.csv
41.6670966-76.09411364---2010,518dfa85-7c7c-58e8-85f6-0736369126d3,67.2970386614,Distance_Matrix-UTM18.csv
41.6724877-76.36399877---2010,02b0ca4c-f78c-5c93-8fab-4e9ba48d491f,37.6588865083,Distance_Matrix-UTM18.csv
41.74666564-76.7864921---2010,1b8231d5-791f-5040-8d16-01a09db60511,79.9482634542,Distance_Matrix-UTM18.csv
41.65061454-76.04261992---2010,f2f60b1f-6bcb-56c7-a263-6e97cb489787,17.364679608,Distance_Matrix-UTM18.csv
41.67462647-77.604488---2010,51769f65-6e02-5cb2-9f54-e13d61c8ac27,193.929281808,Distance_Matrix-UTM18.csv
41.72812786-75.87919774---2008,c6e463cf-42e0-5bc1-86a8-f27a5595bc34,13.0492259439,Distance_Matrix-UTM18.csv
41.72561029-76.81881268---2010,b359e77e-5fbe-5fbc-9a8a-3ea744147bbd,145.337691465,Distance_Matrix-UTM18.csv
41.95745015-76.93719719---2010,7b960686-9923-5de0-a37d-a863a58afeb0,25.6655223965,Distance_Matrix-UTM18.csv
41.78656891-76.2297168---2010,6ec9d418-5294-5353-9a44-c58425ad1592,87.3178112814,Distance_Matrix-UTM18.csv
41.75131126-76.73605999---2010,3bb31077-0ebd-5511-9dbc-88b1852959c5,20.4159259164,Distance_Matrix-UTM18.csv
41.79750652-77.24540724---2010,29de1ea3-4f27-5923-865c-a32087965539,96.4588126966,Distance_Matrix-UTM18.csv
41.27089831-76.65958109---2008,e162b6da-2379-5ff5-80c0-99c03f72324c,9.2346660925,Distance_Matrix-UTM18.csv
41.71448605-76.42295947---2010,047995b5-6990-512a-b821-c3d5637f3df3,32.5207971882,Distance_Matrix-UTM18.csv
41.19671672-77.6826268---2010,3abe0836-d795-5f29-b8e6-e25db12e6dce,28.7552915806,Distance_Matrix-UTM18.csv
41.33499877-77.16442387---2008,8377a3a4-e182-5f60-8a98-1a7fb73f04e8,37.4410482717,Distance_Matrix-UTM18.csv
41.77335831-76.80426256---2010,b6664ef2-320e-5f59-9c79-98fe541f08bf,78.1360978794,Distance_Matrix-UTM18.csv
41.68950442-77.66275968---2010,065f3587-4a35-54d0-8b6a-17764323f658,116.923893318,Distance_Matrix-UTM18.csv
41.73117242-75.92158709---2008,e9677cc2-470f-5ba7-ba5c-495abe67027d,23.0801777178,Distance_Matrix-UTM18.csv
41.60171271-76.89486596---2008,9f7ef20e-e02b-51f2-a363-9c8f43d90e65,31.5190429346,Distance_Matrix-UTM18.csv
41.60838385-76.37384948---2010,8833986f-dd27-51d5-a97a-e9ba798622c0,30.448748325,Distance_Matrix-UTM18.csv
41.87123947-77.91747178---2010,28f88e7a-6fd0-5017-b5d7-3c38c956f742,101.957595342,Distance_Matrix-UTM18.csv
41.70803366-75.87091379---2008,cce434bc-6bc1-5760-970c-1f466951615d,28.7159317525,Distance_Matrix-UTM18.csv
41.80468862-76.95481288---2010,16604fbb-8067-50e3-bdf6-4e5c57b6c914,107.590967385,Distance_Matrix-UTM18.csv
41.75214197-75.90336935---2010,0862c1e3-6291-5275-aae1-578cff1ab567,31.8036919212,Distance_Matrix-UTM18.csv
41.77311417-76.22433585---2010,a89de790-533b-5c8a-8445-108c4c7a9090,133.035663551,Distance_Matrix-UTM18.csv
41.87091689-77.91635483---2010,28f88e7a-6fd0-5017-b5d7-3c38c956f742,127.075325137,Distance_Matrix-UTM18.csv
41.24410719-77.97766598---2008,5467998f-1628-5f7e-a3ec-cddb836fd6b5,36.3107403982,Distance_Matrix-UTM18.csv
41.68791444-77.40918266---2010,1ccc63d5-11d3-5905-af4c-9acf8a2b257c,102.740767996,Distance_Matrix-UTM18.csv
41.70816017-76.09478554---2010,822fa782-159f-5318-9202-8b35302dc66b,954.582952955,Distance_Matrix-UTM18.csv
41.68483463-77.60488438---2010,1a181cb7-249c-516d-9e86-d784473b02d1,130.41376817,Distance_Matrix-UTM18.csv
41.95545891-76.86098798---2010,75633cf0-230d-56b2-8bff-057494853fc0,15.5391014098,Distance_Matrix-UTM18.csv
41.73574245-76.79516424---2010,a76d2539-bd87-5200-b156-45893c5c7bd3,187.693769616,Distance_Matrix-UTM18.csv
41.76366377-77.11568203---2010,d8ee9af7-76d9-5a31-9075-580ded527650,63.5418785532,Distance_Matrix-UTM18.csv
41.27472047-77.26726828---2008,4b8df70d-4e57-52f8-aedf-7911cae6109d,24.2056010393,Distance_Matrix-UTM18.csv
41.71026621-77.54750909---2010,68b780c8-c31a-5f31-95f8-26327724c52d,100.882066587,Distance_Matrix-UTM18.csv
41.69442613-77.36086302---2010,4ed45832-cc31-5d44-abf9-96f96de0d409,35.8838634233,Distance_Matrix-UTM18.csv
41.67906952-77.58120749---2010,85547453-a86e-57a5-8b14-ccac8b61365b,88.7744828564,Distance_Matrix-UTM18.csv
41.69598997-76.84139605---2010,bbc07f37-7fea-5e9c-9cc2-eecf4a71e45f,186.993446134,Distance_Matrix-UTM18.csv
41.67840482-76.38159209---2010,96f958d3-b81d-50a1-8d9c-7c7b6620fa5e,574.231309482,Distance_Matrix-UTM18.csv
41.27400842-76.65935747---2010,e162b6da-2379-5ff5-80c0-99c03f72324c,347.177434798,Distance_Matrix-UTM18.csv
41.82556463-76.98418403---2010,3bd729db-68f7-5641-a536-f9b19d2dcb78,78.975686025,Distance_Matrix-UTM18.csv
41.24676258-76.65028634---2010,4e8d13fe-c158-5243-a391-5029910745a3,99.6307337988,Distance_Matrix-UTM18.csv
41.76199821-76.80222384---2010,28555bd6-4db2-5a62-842a-c83f6317be5b,61.5523319221,Distance_Matrix-UTM18.csv
41.70564789-75.86612645---2008,b4e8290f-c220-51d7-8977-be91d7baa435,24.5762875842,Distance_Matrix-UTM18.csv
41.71093954-75.88722623---2010,d06884f6-7dc4-580f-9c44-1cf744ae235d,84.1324208835,Distance_Matrix-UTM18.csv
41.75086458-76.63212735---2010,6266514d-5598-5c33-934a-d201d581c323,72.4446025135,Distance_Matrix-UTM18.csv
41.78065022-77.12986295---2008,f9c9b662-71ec-5d29-a929-6141168fb0ef,89.3896788951,Distance_Matrix-UTM18.csv
41.74608162-77.20280044---2010,2fd49d09-7cf8-5488-9465-01a2e91d4c96,126.058105523,Distance_Matrix-UTM18.csv
41.71296781-75.87083261---2008,b825adf0-e52b-59cd-bce7-7e69ca73647f,26.1736578948,Distance_Matrix-UTM18.csv
41.78857608-77.21604547---2010,3659dce8-a613-59a6-bf97-68baff57f31c,91.7284892547,Distance_Matrix-UTM18.csv
41.68166241-75.79935863---2010,c2e4b768-5664-58eb-8d49-6e8942420bf6,125.65303806,Distance_Matrix-UTM18.csv
41.70956853-76.681722---2008,296c0b64-0859-560b-9142-34a1d254263d,79.4838176151,Distance_Matrix-UTM18.csv
41.88961484-76.96656079---2010,59334cec-3734-5672-8db1-8db955134f79,71.6436432155,Distance_Matrix-UTM18.csv
41.69720885-76.97188131---2010,5d0d6a9c-e914-561f-b428-30ca1184904c,537.254604824,Distance_Matrix-UTM18.csv
41.76635523-76.10476595---2010,6d9bdfd1-d043-54e0-bdc9-39bbce3d2fdd,91.1051648406,Distance_Matrix-UTM18.csv
41.67095891-76.97124116---2010,9745ac0d-a851-5a86-b094-022cb3774255,213.878176124,Distance_Matrix-UTM18.csv
41.93102836-75.8666897---2010,677b7af8-3f8e-5774-a981-446339b92757,30.1329200568,Distance_Matrix-UTM18.csv
41.68881912-75.9711051---2010,ff085380-1259-5e28-b909-67285943cb99,42.861609487,Distance_Matrix-UTM18.csv
41.59068868-77.97003156---2010,41e9a4ca-5ae0-5b66-a4ef-8baaea8c8069,214.383772233,Distance_Matrix-UTM18.csv
41.68795183-77.40844072---2010,1ccc63d5-11d3-5905-af4c-9acf8a2b257c,79.6960231304,Distance_Matrix-UTM18.csv
41.79998273-76.96788332---2010,5d9f00f1-6e0d-57cb-b6d7-b301a89757f5,29.8286358458,Distance_Matrix-UTM18.csv
41.7734749-76.99816577---2010,5a468b81-b769-5ff7-a0f0-0af5ac31cc16,463.799142118,Distance_Matrix-UTM18.csv
41.58751814-76.86065433---2010,0719800c-f757-5c05-90a0-ca47c3a7e0d4,82.493050755,Distance_Matrix-UTM18.csv
41.19514547-77.68734496---2010,aec414ea-21c3-5680-b430-3dab8e19f7a8,30.8282337638,Distance_Matrix-UTM18.csv
41.88491092-76.10579435---2010,a0092d94-1490-53af-ab35-f06b321ee7c9,17.8487105703,Distance_Matrix-UTM18.csv
41.71327605-75.88640443---2010,d06884f6-7dc4-580f-9c44-1cf744ae235d,184.871219949,Distance_Matrix-UTM18.csv
41.98919243-76.98618556---2010,bf599014-6c67-5ea3-8323-6eab1909ede3,395.668131951,Distance_Matrix-UTM18.csv
41.72429568-75.87155955---2008,e0b6a2e1-eb11-55cb-8c50-ddbf7cbbb28f,11.6229047458,Distance_Matrix-UTM18.csv
41.2724851-76.63656628---2010,0886edd1-bf8f-5edd-ad0d-cad57a359db0,30.4893625702,Distance_Matrix-UTM18.csv
41.74066568-77.15701428---2010,aec52a81-04e1-570f-b6b2-7235de9ac6cd,294.054732602,Distance_Matrix-UTM18.csv
41.44699802-77.01045236---2010,8effe4e2-6cff-53cf-8b27-d118c738b1a0,128.383276334,Distance_Matrix-UTM18.csv
41.07465415-77.80074224---2010,c6c725d0-9c99-5a30-86af-627ec833a21b,32.5493371642,Distance_Matrix-UTM18.csv
41.74414638-76.55067432---2010,02db922a-c1a6-5969-9422-6ce2b4f8c2f7,76.0589832763,Distance_Matrix-UTM18.csv
41.95818232-77.607666---2010,23271ac6-10e5-555a-b8f8-ca0918464d0c,25.1806110789,Distance_Matrix-UTM18.csv
41.23296208-77.75808249---2010,7fa4591d-30bf-542c-a231-7017c458f7eb,39.6986061346,Distance_Matrix-UTM18.csv
41.7168018-76.19461946---2010,13e1e27d-ddd9-5e04-b5a2-a5d4c44e3f44,786.685112595,Distance_Matrix-UTM18.csv
41.32351571-77.29159741---2008,1b532611-444b-576a-ad18-7ada80182801,40.9522706862,Distance_Matrix-UTM18.csv
41.19226907-77.59656751---2010,fdb062ba-61a0-5013-ab7a-f5e8ef8a1411,25.2835164504,Distance_Matrix-UTM18.csv
41.71317749-75.88486117---2010,76374ea4-d046-503f-9246-5ed8b9e7c7ee,165.259766577,Distance_Matrix-UTM18.csv
41.6730523-77.60739652---2010,51769f65-6e02-5cb2-9f54-e13d61c8ac27,111.162809985,Distance_Matrix-UTM18.csv
41.57725209-76.04366521---2010,66bd0247-4b42-536b-94f7-a8d6072ffb98,63.2379210896,Distance_Matrix-UTM18.csv
41.73383282-75.94050222---2010,264c5562-a18d-5815-8b47-130f6d0a4d07,12.5024591274,Distance_Matrix-UTM18.csv
41.09122112-77.95532929---2010,a61dc896-a7c2-558d-b445-1ceb8ce59172,126.638245211,Distance_Matrix-UTM18.csv
41.6131101-77.8761851---2010,dd58c7e7-f6ec-586a-bc9d-c6b1bd46991b,181.073241713,Distance_Matrix-UTM18.csv
41.3811567-77.5280268---2010,bb6e1691-ce79-585f-81a0-6d6b16f93ca3,37.0625019991,Distance_Matrix-UTM18.csv
41.07363981-77.98320739---2010,23d4eb70-43df-5e02-ab48-d5cf1ceb62e2,197.794811004,Distance_Matrix-UTM18.csv
41.73432562-75.86930354---2008,cea23866-9847-5a42-8b3e-0f1c7f4b4eca,34.978909097,Distance_Matrix-UTM18.csv
41.85113352-76.91725939---2010,76f89d92-798d-5a12-9caa-12b71b9da306,130.574058451,Distance_Matrix-UTM18.csv
41.63186772-76.4179037---2010,985b986b-6161-5aa0-8ce9-7c4b1c7713af,354.676970185,Distance_Matrix-UTM18.csv
41.09125859-77.96995463---2010,05ee37b0-3e11-53ec-a522-ae8ba09b3d4f,44.1853862915,Distance_Matrix-UTM18.csv
41.1977618-77.68816526---2008,e275c6bd-fc04-5d68-a326-6a77a37b0cfd,33.8169282709,Distance_Matrix-UTM18.csv
41.7633651-77.11684116---2010,d8ee9af7-76d9-5a31-9075-580ded527650,38.5299903494,Distance_Matrix-UTM18.csv
41.72829999-76.81689656---2010,bc9f9ccd-dbfc-5dfb-bb91-4bc85a4d57d5,106.186390578,Distance_Matrix-UTM18.csv
41.89030988-75.93806338---2010,4704e898-e2f2-54f3-b894-8b73473fb0be,34.4133102347,Distance_Matrix-UTM18.csv
41.06621498-77.9039953---2008,0488f055-c3ac-5716-919e-858626b04235,28.6094226223,Distance_Matrix-UTM18.csv
41.25856103-76.57863782---2010,77888868-663d-59a2-8597-f269fd467b2f,135.460610777,Distance_Matrix-UTM18.csv
41.22337845-76.63008894---2010,7773d210-40c9-5e10-8ab7-95958cfef53a,200.255009109,Distance_Matrix-UTM18.csv
41.71371793-77.29058574---2010,1fd6b9c0-d059-5ed4-a225-65e18db4be05,65.5770058455,Distance_Matrix-UTM18.csv
41.6540354-76.30493142---2010,78c0a4f2-70c4-5f17-a83d-35c53ee15db5,556.141559933,Distance_Matrix-UTM18.csv
41.25794361-76.57863276---2010,77888868-663d-59a2-8597-f269fd467b2f,197.114512197,Distance_Matrix-UTM18.csv
41.27647534-77.27826882---2010,0db8e646-f536-5d87-a2f5-41a2460965f9,656.844886958,Distance_Matrix-UTM18.csv
41.73869704-75.88543573---2010,a5bb6036-bde9-5c35-9b84-a81b56fe167f,17.9471320243,Distance_Matrix-UTM18.csv
41.76484705-77.12836394---2010,f9351f58-dbca-5ac0-856d-cf8ec5e5e07f,178.029731379,Distance_Matrix-UTM18.csv
41.336962-77.15795152---2010,e21d0196-dfaa-5f62-a567-67a8050fe2bc,46.0913037336,Distance_Matrix-UTM18.csv
41.29818307-76.60649645---2010,0396ced2-6638-5adc-b8bf-ae1a7c5f372a,32.640856063,Distance_Matrix-UTM18.csv
41.69060148-77.57619937---2010,befe8ddd-a4b3-5e46-8e84-1af125220ff5,102.833124793,Distance_Matrix-UTM18.csv
41.74933987-76.80521993---2010,e8c61813-9f99-5c3e-b47d-4f99c42caf05,126.671613695,Distance_Matrix-UTM18.csv
41.69431913-77.11968935---2010,b90bfd9f-2755-5049-aafc-01b83a68276b,173.890693426,Distance_Matrix-UTM18.csv
41.09131229-77.95594466---2010,a61dc896-a7c2-558d-b445-1ceb8ce59172,127.142492713,Distance_Matrix-UTM18.csv
41.72552409-77.40672586---2010,6e7e7ea3-e360-50bc-a6dc-8574baeb4a9c,78.9549584671,Distance_Matrix-UTM18.csv
41.74966348-75.87445131---2008,2888f985-a638-565e-b8b0-876e0603be7f,5.6406544601,Distance_Matrix-UTM18.csv
41.61528194-77.87558073---2010,dd58c7e7-f6ec-586a-bc9d-c6b1bd46991b,101.00400274,Distance_Matrix-UTM18.csv
41.9065913-76.92469196---2010,def69ddd-d528-53f3-aa69-60ee4e4fe1a8,56.7844449985,Distance_Matrix-UTM18.csv
41.29860984-76.60594763---2010,0396ced2-6638-5adc-b8bf-ae1a7c5f372a,41.4473490667,Distance_Matrix-UTM18.csv
41.72539025-75.90889819---2010,10ea8e44-1290-5765-81dd-00a0908979f8,38.1176217267,Distance_Matrix-UTM18.csv
41.98862427-77.01495221---2010,795a3a85-e467-5c5d-b449-6f415ba21ca9,34.8566785416,Distance_Matrix-UTM18.csv
41.76192789-76.80303391---2010,28555bd6-4db2-5a62-842a-c83f6317be5b,86.6495846005,Distance_Matrix-UTM18.csv
41.52977928-76.6824567---2010,c830395a-3165-5831-b92f-a8893f45e457,71.244893039,Distance_Matrix-UTM18.csv
41.7945778-76.58616212---2010,47473b34-441c-59a8-b656-bc9aad0e6407,194.58727587,Distance_Matrix-UTM18.csv
41.70014261-75.88977707---2010,fdb95928-2aca-542d-8631-c7d8cd433492,76.1715822309,Distance_Matrix-UTM18.csv
41.57692137-76.02810419---2010,86834d28-b2e1-532f-af08-515f46b3ccbe,149.523715457,Distance_Matrix-UTM18.csv
41.13112777-77.88897192---2010,dcf4144d-e017-5c6a-9b40-b239514c7178,35.8363524228,Distance_Matrix-UTM18.csv
41.9890754-77.01380716---2010,795a3a85-e467-5c5d-b449-6f415ba21ca9,138.616885485,Distance_Matrix-UTM18.csv
41.76908107-76.99828918---2010,5a468b81-b769-5ff7-a0f0-0af5ac31cc16,26.7439608596,Distance_Matrix-UTM18.csv
41.24414101-77.97771386---2010,5467998f-1628-5f7e-a3ec-cddb836fd6b5,32.5029607395,Distance_Matrix-UTM18.csv
41.09115259-77.96899075---2008,05ee37b0-3e11-53ec-a522-ae8ba09b3d4f,40.9850685113,Distance_Matrix-UTM18.csv
41.78930405-77.01900564---2010,58144798-2a82-5261-aa21-ea24c00d91dc,80.6504576943,Distance_Matrix-UTM18.csv
41.73482509-77.16418868---2010,ee305593-9e63-569b-9f94-a5506659ec14,105.745317933,Distance_Matrix-UTM18.csv
41.72314628-76.24609356---2010,7f6ef188-d732-58aa-8f93-339f10b0d6eb,23.75727819,Distance_Matrix-UTM18.csv
41.77080612-76.1029493---2010,0ebc4944-0bd9-5290-91e1-06cea9174d78,98.0227887017,Distance_Matrix-UTM18.csv
41.7979444-77.24428702---2010,29de1ea3-4f27-5923-865c-a32087965539,79.5909912267,Distance_Matrix-UTM18.csv
41.77235038-76.80353716---2010,b6664ef2-320e-5f59-9c79-98fe541f08bf,133.410473654,Distance_Matrix-UTM18.csv
41.59227343-77.09466106---2010,900ccfeb-449d-54c4-bd80-86cfef113425,96.7700337812,Distance_Matrix-UTM18.csv
41.33508868-77.16453874---2010,8377a3a4-e182-5f60-8a98-1a7fb73f04e8,24.8218565292,Distance_Matrix-UTM18.csv
41.74067587-77.1551089---2010,c1316b49-5645-5b98-b71b-61651d026d2b,211.352206358,Distance_Matrix-UTM18.csv
41.77683995-77.14533659---2010,277ad7c2-1890-5ce9-a924-d5425ce42d79,81.7327881428,Distance_Matrix-UTM18.csv
41.71101274-76.08377357---2008,822fa782-159f-5318-9202-8b35302dc66b,15.1040124021,Distance_Matrix-UTM18.csv
41.72848421-75.88519169---2008,73e7ebab-a6d0-569b-82cd-b8856f63718b,21.3350734489,Distance_Matrix-UTM18.csv
41.78228182-75.92562673---2010,1baa45d8-2319-5e9b-91b2-aaa55e10007f,28.0577550057,Distance_Matrix-UTM18.csv
41.84286981-76.95844906---2010,0e179665-3c7a-5d70-b16c-3bc5510ac948,88.686599184,Distance_Matrix-UTM18.csv
41.85038693-76.91885643---2010,76f89d92-798d-5a12-9caa-12b71b9da306,29.7894445952,Distance_Matrix-UTM18.csv
41.79169095-77.11833961---2008,8fbd8db5-10e7-588c-adca-8ef4baff1872,47.4592272353,Distance_Matrix-UTM18.csv
41.27089234-76.65960977---2010,e162b6da-2379-5ff5-80c0-99c03f72324c,6.805637666,Distance_Matrix-UTM18.csv
41.95538079-76.86122201---2005,75633cf0-230d-56b2-8bff-057494853fc0,36.7072909077,Distance_Matrix-UTM18.csv
41.25341173-76.4995596---2010,00eda2ee-fe50-5910-9cbe-8d1c645559f1,409.966552243,Distance_Matrix-UTM18.csv
41.33309819-77.29104603---2010,58b7effb-8c7a-5b08-b553-568c9001ab71,38.7130513833,Distance_Matrix-UTM18.csv
41.36938555-77.55904077---2010,45d760c4-1e1c-580c-8063-2fe03a246be9,35.1744970134,Distance_Matrix-UTM18.csv
41.35325586-76.57208275---2010,0a6d8d4b-4c7c-58c4-b3e8-e136533ee723,91.4903675597,Distance_Matrix-UTM18.csv
41.70454434-77.53218957---2010,b766298a-3e2f-5114-af96-119e110be360,98.8199856206,Distance_Matrix-UTM18.csv
41.79503404-76.02857019---2008,00fcdc29-793f-562b-bda2-a62fa9487853,77.5988319738,Distance_Matrix-UTM18.csv
41.6240553-76.82561704---2008,3df1c43a-09aa-5dca-acdb-3f1891413109,41.1001137419,Distance_Matrix-UTM18.csv
41.76505537-76.69477604---2010,e945163c-34a0-5b40-be36-b9cc65f4e37a,336.811226502,Distance_Matrix-UTM18.csv
41.87152842-77.9169818---2008,28f88e7a-6fd0-5017-b5d7-3c38c956f742,55.484022318,Distance_Matrix-UTM18.csv
41.3077516-76.66889109---2010,8ab1487e-52a0-5de8-9e29-8edaac76283d,53.3335145123,Distance_Matrix-UTM18.csv
41.69929322-77.54745456---2010,0bc3885b-17af-5063-a689-47155a02674f,87.8681916095,Distance_Matrix-UTM18.csv
41.72493196-76.78195564---2010,a7daf693-0a44-5d55-b574-6c95eef7d05c,67.2617238283,Distance_Matrix-UTM18.csv
41.37674544-77.13511212---2008,b0f18714-98c1-5d05-9cc0-2e22946bd498,205.088448414,Distance_Matrix-UTM18.csv
41.77122126-77.15446916---2010,ef967a9f-51fe-515b-aafc-051640c5b16a,122.824164865,Distance_Matrix-UTM18.csv
41.67649614-77.3462439---2010,db3dfa30-4215-504f-b8df-0c36a3fb1a28,26.4919472987,Distance_Matrix-UTM18.csv
41.82507163-76.98425921---2010,3bd729db-68f7-5641-a536-f9b19d2dcb78,133.990937596,Distance_Matrix-UTM18.csv
41.85042579-76.91775905---2010,76f89d92-798d-5a12-9caa-12b71b9da306,78.726827821,Distance_Matrix-UTM18.csv
41.70347213-75.91999858---2008,220fbe88-2551-57c7-b9f6-908b3e149cca,5.7886683655,Distance_Matrix-UTM18.csv
41.07462707-77.80078405---2008,c6c725d0-9c99-5a30-86af-627ec833a21b,29.5883003701,Distance_Matrix-UTM18.csv
41.69383868-77.36083929---2010,4ed45832-cc31-5d44-abf9-96f96de0d409,73.6220699485,Distance_Matrix-UTM18.csv
41.7656174-76.10378413---2010,6d9bdfd1-d043-54e0-bdc9-39bbce3d2fdd,47.2167757665,Distance_Matrix-UTM18.csv
41.28050693-76.63923069---2010,3ea63c7f-1e64-5fee-9dbe-7cba24524817,682.118738726,Distance_Matrix-UTM18.csv
41.56037772-77.06983865---2010,b955eafa-389c-5241-bcaa-18da3ce9a634,104.793519031,Distance_Matrix-UTM18.csv
41.70065393-75.89015672---2010,fdb95928-2aca-542d-8631-c7d8cd433492,34.2436044114,Distance_Matrix-UTM18.csv
41.27199045-76.63786027---2010,0886edd1-bf8f-5edd-ad0d-cad57a359db0,104.029550693,Distance_Matrix-UTM18.csv
41.68056844-77.5804269---2010,85547453-a86e-57a5-8b14-ccac8b61365b,95.0272491069,Distance_Matrix-UTM18.csv
41.71838472-76.85416378---2010,f8a0c29e-1fae-53f6-914b-22d165ed682c,119.365032401,Distance_Matrix-UTM18.csv
41.69539104-76.84205516---2010,bbc07f37-7fea-5e9c-9cc2-eecf4a71e45f,101.658449821,Distance_Matrix-UTM18.csv
41.7170809-76.85443084---2010,f8a0c29e-1fae-53f6-914b-22d165ed682c,161.006959018,Distance_Matrix-UTM18.csv
41.81572259-76.89572884---2010,4ca55d51-9fb1-50c5-9e01-6ccc356d7953,112.726876804,Distance_Matrix-UTM18.csv
41.73652288-75.86245717---2008,4bf868df-74ed-54bb-b8d1-d663db5392b4,36.7576909602,Distance_Matrix-UTM18.csv
41.7512051-76.83856235---2010,c9a90372-2b15-5acd-a180-e76812ec6ea1,119.313688974,Distance_Matrix-UTM18.csv
41.74472827-75.87941249---2008,2f660ae9-3afa-5091-b634-56c6d701626b,29.3718301232,Distance_Matrix-UTM18.csv
41.7866688-76.23106707---2010,6ec9d418-5294-5353-9a44-c58425ad1592,25.4984097456,Distance_Matrix-UTM18.csv
41.61872293-76.93619365---2008,e270084e-b3e9-53e6-85c2-0000a18a1d5a,53.4850314855,Distance_Matrix-UTM18.csv
41.86038034-76.84822657---2010,511a530f-12c3-5f9e-968c-6b0285282d0b,180.133126584,Distance_Matrix-UTM18.csv
41.87657072-76.93468897---2010,dd8070b2-3beb-5b9b-8f10-2b4437649d5e,103.592912307,Distance_Matrix-UTM18.csv
41.23686784-76.36615056---2010,b21e43a5-42c0-55c0-8e70-9ea1421580d3,18.1563603983,Distance_Matrix-UTM18.csv
41.91862854-76.92350541---2010,3f1e3488-6c2c-5a63-a569-acc23f0b6a6f,32.5122677521,Distance_Matrix-UTM18.csv
41.32979014-77.16721006---2008,4c7f0588-2304-5e8e-aa68-98dce216b011,30.8635071019,Distance_Matrix-UTM18.csv
41.28088127-76.63105403---2010,3ea63c7f-1e64-5fee-9dbe-7cba24524817,39.558946277,Distance_Matrix-UTM18.csv
