WKT,X,Y,longitude,latitude,county
"POINT (-77.153515 41.740852)",-77.1535150000,41.7408520000,-77.1535150000,41.7408520000,Tioga
"POINT (-77.260538571499083 41.647655786461229)",-77.2605380000,41.6476557000,-77.2605380000,41.6476557000,Tioga
"POINT (-77.259214720617194 41.646778438862739)",-77.2592140000,41.6467784000,-77.2592140000,41.6467784000,Tioga
"POINT (-77.347460160227754 41.616097682781479)",-77.3474600000,41.6160976000,-77.3474600000,41.6160976000,Tioga
"POINT (-76.93248273691998 41.619969169857313)",-76.9324820000,41.6199691000,-76.9324820000,41.6199691000,Tioga
"POINT (-76.9981455 41.7734525)",-76.9981450000,41.7734525000,-76.9981450000,41.7734525000,Tioga
"POINT (-76.896812 41.622406)",-76.8968120000,41.6224060000,-76.8968120000,41.6224060000,Tioga
"POINT (-75.991960424474257 41.882497227822931)",-75.9919600000,41.8824972000,-75.9919600000,41.8824972000,Susquehanna
"POINT (-77.408432407300495 41.687904327787372)",-77.4084320000,41.6879043000,-77.4084320000,41.6879043000,Tioga
"POINT (-77.019609 41.5761715)",-77.0196090000,41.5761715000,-77.0196090000,41.5761715000,Tioga
"POINT (-76.934686759891164 41.87653990113445)",-76.9346860000,41.8765399000,-76.9346860000,41.8765399000,Tioga
"POINT (-76.024437 41.709785)",-76.0244370000,41.7097850000,-76.0244370000,41.7097850000,Susquehanna
"POINT (-76.105236 41.766364)",-76.1052360000,41.7663640000,-76.1052360000,41.7663640000,Susquehanna
"POINT (-76.103031 41.770681)",-76.1030310000,41.7706810000,-76.1030310000,41.7706810000,Susquehanna
"POINT (-75.886048819338058 41.698413427336789)",-75.8860480000,41.6984134000,-75.8860480000,41.6984134000,Susquehanna
"POINT (-80.499501691539791 40.430325829233851)",-80.4995010000,40.4303258000,-80.4995010000,40.4303258000,Washington
"POINT (-75.76444233232634 41.830232394613915)",-75.7644420000,41.8302323000,-75.7644420000,41.8302323000,Susquehanna
"POINT (-80.449874915677512 40.28143910019412)",-80.4498740000,40.2814391000,-80.4498740000,40.2814391000,Washington
"POINT (-76.102837412968171 41.770786537651801)",-76.1028370000,41.7707865000,-76.1028370000,41.7707865000,Susquehanna
"POINT (-75.643123442565255 41.713011721710402)",-75.6431230000,41.7130117000,-75.6431230000,41.7130117000,Susquehanna
"POINT (-80.283863196009918 40.329729068463038)",-80.2838630000,40.3297290000,-80.2838630000,40.3297290000,Washington
"POINT (-80.246989576230547 40.043780976035571)",-80.2469890000,40.0437809000,-80.2469890000,40.0437809000,Washington
"POINT (-76.602539577187244 41.254565914508298)",-76.6025390000,41.2545659000,-76.6025390000,41.2545659000,Lycoming
"POINT (-76.602716486816803 41.254981024506648)",-76.6027160000,41.2549810000,-76.6027160000,41.2549810000,Lycoming
"POINT (-76.630086935653026 41.249394215331918)",-76.6300860000,41.2493942000,-76.6300860000,41.2493942000,Lycoming
"POINT (-76.629445125456201 41.249691810260323)",-76.6294450000,41.2496918000,-76.6294450000,41.2496918000,Lycoming
"POINT (-80.350307463135834 40.245255330904214)",-80.3503070000,40.2452553000,-80.3503070000,40.2452553000,Washington
"POINT (-80.299089049628222 40.329585588324981)",-80.2990890000,40.3295855000,-80.2990890000,40.3295855000,Washington
"POINT (-80.26185540113697 40.249635721530296)",-80.2618550000,40.2496357000,-80.2618550000,40.2496357000,Washington
"POINT (-80.227647118593495 40.089542876124412)",-80.2276470000,40.0895428000,-80.2276470000,40.0895428000,Washington
"POINT (-76.630162019968864 41.223386820110406)",-76.6301620000,41.2233868000,-76.6301620000,41.2233868000,Lycoming
"POINT (-80.029847 40.226981)",-80.0298470000,40.2269810000,-80.0298470000,40.2269810000,Washington
"POINT (-76.823927270304068 41.886686194119576)",-76.8239270000,41.8866861000,-76.8239270000,41.8866861000,Bradford
"POINT (-75.852756364529313 41.669881863918981)",-75.8527560000,41.6698818000,-75.8527560000,41.6698818000,Susquehanna
"POINT (-79.934695899655352 40.1888623660031)",-79.9346950000,40.1888623000,-79.9346950000,40.1888623000,Washington
"POINT (-79.941133 40.189509)",-79.9411330000,40.1895090000,-79.9411330000,40.1895090000,Washington
"POINT (-77.190023 41.388809)",-77.1900230000,41.3888090000,-77.1900230000,41.3888090000,Lycoming
"POINT (-77.233454 41.366861)",-77.2334540000,41.3668610000,-77.2334540000,41.3668610000,Lycoming
"POINT (-76.499509741123305 41.253383500978728)",-76.4995090000,41.2533835000,-76.4995090000,41.2533835000,Lycoming
"POINT (-76.861019500000012 41.7713175)",-76.8610190000,41.7713175000,-76.8610190000,41.7713175000,Bradford
"POINT (-76.81690459658148 41.728254531669059)",-76.8169040000,41.7282545000,-76.8169040000,41.7282545000,Bradford
"POINT (-80.447708999886586 40.281999079556307)",-80.4477080000,40.2819990000,-80.4477080000,40.2819990000,Washington
"POINT (-80.272802857315952 40.231456354452213)",-80.2728020000,40.2314563000,-80.2728020000,40.2314563000,Washington
"POINT (-77.069103 41.432838)",-77.0691030000,41.4328380000,-77.0691030000,41.4328380000,Lycoming
"POINT (-77.0584785 41.429038)",-77.0584780000,41.4290380000,-77.0584780000,41.4290380000,Lycoming
"POINT (-77.389768935072595 41.291224588510026)",-77.3897680000,41.2912245000,-77.3897680000,41.2912245000,Lycoming
"POINT (-77.375700501330329 41.369385622076983)",-77.3757000000,41.3693856000,-77.3757000000,41.3693856000,Lycoming
"POINT (-75.7667105 41.816463)",-75.7667100000,41.8164630000,-75.7667100000,41.8164630000,Susquehanna
"POINT (-75.765132 41.817233)",-75.7651320000,41.8172330000,-75.7651320000,41.8172330000,Susquehanna
"POINT (-80.296367211062574 40.079597055334126)",-80.2963670000,40.0795970000,-80.2963670000,40.0795970000,Washington
"POINT (-77.135099371181397 41.376769790951627)",-77.1350990000,41.3767697000,-77.1350990000,41.3767697000,Lycoming
"POINT (-76.837819438098208 41.445073911242936)",-76.8378190000,41.4450739000,-76.8378190000,41.4450739000,Lycoming
"POINT (-76.659344312642958 41.273949696744019)",-76.6593440000,41.2739496000,-76.6593440000,41.2739496000,Lycoming
"POINT (-77.023972049130478 41.365187454887611)",-77.0239720000,41.3651874000,-77.0239720000,41.3651874000,Lycoming
"POINT (-80.323568466917365 40.251208064998259)",-80.3235680000,40.2512080000,-80.3235680000,40.2512080000,Washington
"POINT (-80.042841118249044 40.020029309456554)",-80.0428410000,40.0200293000,-80.0428410000,40.0200293000,Washington
"POINT (-80.04140378114144 40.020755347665556)",-80.0414030000,40.0207553000,-80.0414030000,40.0207553000,Washington
"POINT (-80.225412639084354 40.281296557222902)",-80.2254120000,40.2812965000,-80.2254120000,40.2812965000,Washington
"POINT (-80.265832499999988 40.2194835)",-80.2658320000,40.2194835000,-80.2658320000,40.2194835000,Washington
"POINT (-80.266693 40.219957)",-80.2666930000,40.2199570000,-80.2666930000,40.2199570000,Washington
"POINT (-80.2657 40.220413)",-80.2657000000,40.2204130000,-80.2657000000,40.2204130000,Washington
"POINT (-80.267364499999971 40.220815)",-80.2673640000,40.2208150000,-80.2673640000,40.2208150000,Washington
"POINT (-80.2954515 40.409091)",-80.2954510000,40.4090910000,-80.2954510000,40.4090910000,Washington
"POINT (-80.381889224279092 40.296018191082041)",-80.3818890000,40.2960181000,-80.3818890000,40.2960181000,Washington
"POINT (-76.854049286542136 41.899759127724487)",-76.8540490000,41.8997591000,-76.8540490000,41.8997591000,Bradford
"POINT (-76.855866563172015 41.899452730863473)",-76.8558660000,41.8994527000,-76.8558660000,41.8994527000,Bradford
"POINT (-76.586382514165663 41.794472939082524)",-76.5863820000,41.7944729000,-76.5863820000,41.7944729000,Bradford
"POINT (-80.506739476386002 39.974126787688611)",-80.5067390000,39.9741267000,-80.5067390000,39.9741267000,Washington
"POINT (-80.416788147554755 40.220170501107191)",-80.4167880000,40.2201705000,-80.4167880000,40.2201705000,Washington
"POINT (-80.421087407322617 40.205118111770133)",-80.4210870000,40.2051181000,-80.4210870000,40.2051181000,Washington
"POINT (-80.465010784414531 40.261994975003937)",-80.4650100000,40.2619949000,-80.4650100000,40.2619949000,Washington
"POINT (-80.463613278975117 40.263968729938021)",-80.4636130000,40.2639687000,-80.4636130000,40.2639687000,Washington
"POINT (-80.462665073624606 40.265075561160423)",-80.4626650000,40.2650755000,-80.4626650000,40.2650755000,Washington
"POINT (-80.406459173880165 40.178266399369065)",-80.4064590000,40.1782663000,-80.4064590000,40.1782663000,Washington
"POINT (-80.378122 40.209852)",-80.3781220000,40.2098520000,-80.3781220000,40.2098520000,Washington
"POINT (-79.955389377145437 40.030317698953269)",-79.9553890000,40.0303176000,-79.9553890000,40.0303176000,Washington
"POINT (-80.184105621937803 40.085454142048007)",-80.1841050000,40.0854541000,-80.1841050000,40.0854541000,Washington
"POINT (-79.981255292462862 40.170741084643446)",-79.9812550000,40.1707410000,-79.9812550000,40.1707410000,Washington
"POINT (-77.163913169307335 41.367648625678846)",-77.1639130000,41.3676486000,-77.1639130000,41.3676486000,Lycoming
"POINT (-77.278833300934494 41.327152538514817)",-77.2788330000,41.3271525000,-77.2788330000,41.3271525000,Lycoming
"POINT (-80.421537 40.153961)",-80.4215370000,40.1539610000,-80.4215370000,40.1539610000,Washington
"POINT (-80.302532994191282 40.074589139830017)",-80.3025320000,40.0745891000,-80.3025320000,40.0745891000,Washington
"POINT (-80.302895 40.0793095)",-80.3028950000,40.0793095000,-80.3028950000,40.0793095000,Washington
"POINT (-79.974120573485678 40.089110432955337)",-79.9741200000,40.0891104000,-79.9741200000,40.0891104000,Washington
"POINT (-80.21258544803176 40.089798895941911)",-80.2125850000,40.0897988000,-80.2125850000,40.0897988000,Washington
"POINT (-80.215383 40.124183)",-80.2153830000,40.1241830000,-80.2153830000,40.1241830000,Washington
"POINT (-80.30061938564819 40.095643867083851)",-80.3006190000,40.0956438000,-80.3006190000,40.0956438000,Washington
"POINT (-77.391887398949308 41.358909672703327)",-77.3918870000,41.3589096000,-77.3918870000,41.3589096000,Lycoming
"POINT (-79.967734936540381 40.092345372366331)",-79.9677340000,40.0923453000,-79.9677340000,40.0923453000,Washington
"POINT (-77.273051 41.3409805)",-77.2730510000,41.3409805000,-77.2730510000,41.3409805000,Lycoming
"POINT (-76.89028733494284 41.31212255838215)",-76.8902870000,41.3121225000,-76.8902870000,41.3121225000,Lycoming
"POINT (-76.82850883193575 41.32908817262917)",-76.8285080000,41.3290881000,-76.8285080000,41.3290881000,Lycoming
"POINT (-77.010219716466167 41.447017476623259)",-77.0102190000,41.4470174000,-77.0102190000,41.4470174000,Lycoming
"POINT (-77.040416972891805 41.4332963272348)",-77.0404160000,41.4332963000,-77.0404160000,41.4332963000,Lycoming
"POINT (-76.961157627053097 41.346863840538695)",-76.9611570000,41.3468638000,-76.9611570000,41.3468638000,Lycoming
"POINT (-77.175761560008851 41.48730375010998)",-77.1757610000,41.4873037000,-77.1757610000,41.4873037000,Lycoming
"POINT (-77.33884 41.320416)",-77.3388400000,41.3204160000,-77.3388400000,41.3204160000,Lycoming
"POINT (-77.377751229115191 41.34832872296473)",-77.3777510000,41.3483287000,-77.3777510000,41.3483287000,Lycoming
"POINT (-76.578649962582091 41.258549552313411)",-76.5786490000,41.2585495000,-76.5786490000,41.2585495000,Lycoming
"POINT (-76.794103123672812 41.735719426838031)",-76.7941030000,41.7357194000,-76.7941030000,41.7357194000,Bradford
"POINT (-76.79514701193213 41.735746072819808)",-76.7951470000,41.7357460000,-76.7951470000,41.7357460000,Bradford
"POINT (-76.722732973031981 41.665271232212397)",-76.7227320000,41.6652712000,-76.7227320000,41.6652712000,Bradford
"POINT (-76.779065909622645 41.69372652964563)",-76.7790650000,41.6937265000,-76.7790650000,41.6937265000,Bradford
"POINT (-76.778828869238154 41.696102506207204)",-76.7788280000,41.6961025000,-76.7788280000,41.6961025000,Bradford
"POINT (-76.562107361517235 41.27323580887024)",-76.5621070000,41.2732358000,-76.5621070000,41.2732358000,Lycoming
"POINT (-77.343121554746233 41.30669258812727)",-77.3431210000,41.3066925000,-77.3431210000,41.3066925000,Lycoming
"POINT (-76.7117405 41.862479)",-76.7117400000,41.8624790000,-76.7117400000,41.8624790000,Bradford
"POINT (-76.710591 41.858526)",-76.7105910000,41.8585260000,-76.7105910000,41.8585260000,Bradford
"POINT (-76.722367 41.665083)",-76.7223670000,41.6650830000,-76.7223670000,41.6650830000,Bradford
"POINT (-76.911764363712948 41.286915937007265)",-76.9117640000,41.2869159000,-76.9117640000,41.2869159000,Lycoming
"POINT (-76.912071571524137 41.285244410464351)",-76.9120710000,41.2852444000,-76.9120710000,41.2852444000,Lycoming
"POINT (-76.848196112470845 41.860389693373712)",-76.8481960000,41.8603896000,-76.8481960000,41.8603896000,Bradford
"POINT (-76.838630393054885 41.75119589622502)",-76.8386300000,41.7511958000,-76.8386300000,41.7511958000,Bradford
"POINT (-77.075836945768756 41.474663188619857)",-77.0758360000,41.4746631000,-77.0758360000,41.4746631000,Lycoming
"POINT (-76.650254809556046 41.246734664603302)",-76.6502540000,41.2467346000,-76.6502540000,41.2467346000,Lycoming
"POINT (-76.871705500000019 41.9030355)",-76.8717050000,41.9030355000,-76.8717050000,41.9030355000,Bradford
"POINT (-76.871799499999966 41.902661)",-76.8717990000,41.9026610000,-76.8717990000,41.9026610000,Bradford
"POINT (-76.534469 41.767947)",-76.5344690000,41.7679470000,-76.5344690000,41.7679470000,Bradford
"POINT (-76.468661264991596 41.605254112232956)",-76.4686610000,41.6052541000,-76.4686610000,41.6052541000,Bradford
"POINT (-77.153346823966984 41.36903022510095)",-77.1533460000,41.3690302000,-77.1533460000,41.3690302000,Lycoming
"POINT (-76.823512223198989 41.63400821178471)",-76.8235120000,41.6340082000,-76.8235120000,41.6340082000,Bradford
"POINT (-76.502368 41.737216499999988)",-76.5023680000,41.7372165000,-76.5023680000,41.7372165000,Bradford
"POINT (-76.600956898623792 41.23717439206554)",-76.6009560000,41.2371743000,-76.6009560000,41.2371743000,Lycoming
"POINT (-76.601643400924985 41.237238980846421)",-76.6016430000,41.2372389000,-76.6016430000,41.2372389000,Lycoming
"POINT (-77.221088045717579 41.29431189508815)",-77.2210880000,41.2943118000,-77.2210880000,41.2943118000,Lycoming
"POINT (-76.895203805300952 41.969889908540594)",-76.8952030000,41.9698899000,-76.8952030000,41.9698899000,Bradford
"POINT (-76.543738394312854 41.768392098898424)",-76.5437380000,41.7683920000,-76.5437380000,41.7683920000,Bradford
"POINT (-76.657126051084759 41.684082195453286)",-76.6571260000,41.6840821000,-76.6571260000,41.6840821000,Bradford
"POINT (-77.311354144115853 41.357725793854435)",-77.3113540000,41.3577257000,-77.3113540000,41.3577257000,Lycoming
"POINT (-76.893835750379864 41.838416571117406)",-76.8938350000,41.8384165000,-76.8938350000,41.8384165000,Bradford
"POINT (-76.703355 41.856275)",-76.7033550000,41.8562750000,-76.7033550000,41.8562750000,Bradford
"POINT (-76.80426491110822 41.773358447499504)",-76.8042640000,41.7733584000,-76.8042640000,41.7733584000,Bradford
"POINT (-76.803421965146725 41.772321240969951)",-76.8034210000,41.7723212000,-76.8034210000,41.7723212000,Bradford
"POINT (-76.415890138234957 41.687324721201051)",-76.4158900000,41.6873247000,-76.4158900000,41.6873247000,Bradford
"POINT (-76.695066 41.765069049915333)",-76.6950660000,41.7650690000,-76.6950660000,41.7650690000,Bradford
"POINT (-76.644345 41.867367)",-76.6443450000,41.8673670000,-76.6443450000,41.8673670000,Bradford
"POINT (-76.747635349187107 41.693648433476554)",-76.7476350000,41.6936484000,-76.7476350000,41.6936484000,Bradford
"POINT (-76.590584 41.858905)",-76.5905840000,41.8589050000,-76.5905840000,41.8589050000,Bradford
"POINT (-76.463741502178351 41.974544217978348)",-76.4637410000,41.9745442000,-76.4637410000,41.9745442000,Bradford
"POINT (-76.381632733147825 41.678361412020813)",-76.3816320000,41.6783614000,-76.3816320000,41.6783614000,Bradford
"POINT (-76.420360735156535 41.714650801622071)",-76.4203600000,41.7146508000,-76.4203600000,41.7146508000,Bradford
"POINT (-76.304953 41.653798)",-76.3049530000,41.6537980000,-76.3049530000,41.6537980000,Bradford
"POINT (-76.401866828314525 41.553566753147372)",-76.4018660000,41.5535667000,-76.4018660000,41.5535667000,Sullivan
"POINT (-76.368831688778059 41.606780041813344)",-76.3688310000,41.6067800000,-76.3688310000,41.6067800000,Bradford
"POINT (-76.360163440593922 41.782268412551339)",-76.3601630000,41.7822684000,-76.3601630000,41.7822684000,Bradford
"POINT (-76.62507 41.56912)",-76.6250700000,41.5691200000,-76.6250700000,41.5691200000,Sullivan
"POINT (-79.509728 40.772956)",-79.5097280000,40.7729560000,-79.5097280000,40.7729560000,Armstrong
"POINT (-79.42069221816169 40.885774928288882)",-79.4206920000,40.8857749000,-79.4206920000,40.8857749000,Armstrong
"POINT (-79.421611749527017 40.888858768962415)",-79.4216110000,40.8888587000,-79.4216110000,40.8888587000,Armstrong
"POINT (-80.061414929384426 39.997563659564207)",-80.0614140000,39.9975636000,-80.0614140000,39.9975636000,Greene
"POINT (-80.360295132962108 39.980695428196178)",-80.3602950000,39.9806954000,-80.3602950000,39.9806954000,Greene
"POINT (-80.038259675385888 39.863792370675327)",-80.0382590000,39.8637923000,-80.0382590000,39.8637923000,Greene
"POINT (-80.038239879434144 39.864493988365012)",-80.0382390000,39.8644939000,-80.0382390000,39.8644939000,Greene
"POINT (-80.017387469277708 39.890598697092365)",-80.0173870000,39.8905986000,-80.0173870000,39.8905986000,Greene
"POINT (-80.016583245622215 39.891015276655359)",-80.0165830000,39.8910152000,-80.0165830000,39.8910152000,Greene
"POINT (-80.015875280366828 39.891454904703039)",-80.0158750000,39.8914549000,-80.0158750000,39.8914549000,Greene
"POINT (-78.531025523128591 41.089425239213561)",-78.5310250000,41.0894252000,-78.5310250000,41.0894252000,Clearfield
"POINT (-78.78244277989991 41.195427478232851)",-78.7824420000,41.1954274000,-78.7824420000,41.1954274000,Jefferson
"POINT (-78.783893621179075 41.196053766117878)",-78.7838930000,41.1960537000,-78.7838930000,41.1960537000,Jefferson
"POINT (-79.597978989617033 40.811237203287909)",-79.5979780000,40.8112372000,-79.5979780000,40.8112372000,Armstrong
"POINT (-79.519799237278022 40.878001547060514)",-79.5197990000,40.8780015000,-79.5197990000,40.8780015000,Armstrong
"POINT (-79.474139637702706 40.888970927800564)",-79.4741390000,40.8889709000,-79.4741390000,40.8889709000,Armstrong
"POINT (-80.32068076412348 39.828549893075262)",-80.3206800000,39.8285498000,-80.3206800000,39.8285498000,Greene
"POINT (-80.314906064738494 39.931885562663567)",-80.3149060000,39.9318855000,-80.3149060000,39.9318855000,Greene
"POINT (-80.051805647657218 39.863464317309564)",-80.0518050000,39.8634643000,-80.0518050000,39.8634643000,Greene
"POINT (-80.036219107282335 39.819210297818216)",-80.0362190000,39.8192102000,-80.0362190000,39.8192102000,Greene
"POINT (-80.034819 39.818438)",-80.0348190000,39.8184380000,-80.0348190000,39.8184380000,Greene
"POINT (-79.588069500000046 40.806438)",-79.5880690000,40.8064380000,-79.5880690000,40.8064380000,Armstrong
"POINT (-77.604886 41.685907)",-77.6048860000,41.6859070000,-77.6048860000,41.6859070000,Potter
"POINT (-80.305504 39.872937)",-80.3055040000,39.8729370000,-80.3055040000,39.8729370000,Greene
"POINT (-80.051539848640729 39.862980516021224)",-80.0515390000,39.8629805000,-80.0515390000,39.8629805000,Greene
"POINT (-79.964937562398262 39.734374487927447)",-79.9649370000,39.7343744000,-79.9649370000,39.7343744000,Greene
"POINT (-79.620347388573478 40.847829119739025)",-79.6203470000,40.8478291000,-79.6203470000,40.8478291000,Armstrong
"POINT (-79.555062398335266 40.855146381829805)",-79.5550620000,40.8551463000,-79.5550620000,40.8551463000,Armstrong
"POINT (-79.60182392446707 40.73977576932149)",-79.6018230000,40.7397757000,-79.6018230000,40.7397757000,Armstrong
"POINT (-79.501455 40.861197)",-79.5014550000,40.8611970000,-79.5014550000,40.8611970000,Armstrong
"POINT (-79.507299 40.747566)",-79.5072990000,40.7475660000,-79.5072990000,40.7475660000,Armstrong
"POINT (-76.101148 41.56507)",-76.1011480000,41.5650700000,-76.1011480000,41.5650700000,Wyoming
"POINT (-77.662771664564303 41.689552927775651)",-77.6627710000,41.6895529000,-77.6627710000,41.6895529000,Potter
"POINT (-75.972217 41.602876)",-75.9722170000,41.6028760000,-75.9722170000,41.6028760000,Wyoming
"POINT (-79.476172 40.823336)",-79.4761720000,40.8233360000,-79.4761720000,40.8233360000,Armstrong
"POINT (-79.484902108527564 40.699276572529335)",-79.4849020000,40.6992765000,-79.4849020000,40.6992765000,Armstrong
"POINT (-79.486029324899235 40.915131293269276)",-79.4860290000,40.9151312000,-79.4860290000,40.9151312000,Armstrong
"POINT (-79.595673 40.862373)",-79.5956730000,40.8623730000,-79.5956730000,40.8623730000,Armstrong
"POINT (-79.654587236397347 40.758926294096298)",-79.6545870000,40.7589262000,-79.6545870000,40.7589262000,Armstrong
"POINT (-79.615011499999966 40.849279)",-79.6150110000,40.8492790000,-79.6150110000,40.8492790000,Armstrong
"POINT (-79.368100892525476 40.689562823202664)",-79.3681000000,40.6895628000,-79.3681000000,40.6895628000,Armstrong
"POINT (-79.528192048889721 40.926073681107034)",-79.5281920000,40.9260736000,-79.5281920000,40.9260736000,Armstrong
"POINT (-77.679049515110663 41.866403351739585)",-77.6790490000,41.8664033000,-77.6790490000,41.8664033000,Potter
"POINT (-77.970038 41.5906185)",-77.9700380000,41.5906185000,-77.9700380000,41.5906185000,Potter
"POINT (-78.153011827323724 41.833528653486098)",-78.1530110000,41.8335286000,-78.1530110000,41.8335286000,Potter
"POINT (-77.607312362580586 41.673053358979956)",-77.6073120000,41.6730533000,-77.6073120000,41.6730533000,Potter
"POINT (-77.604511220179575 41.674693301937388)",-77.6045110000,41.6746933000,-77.6045110000,41.6746933000,Potter
"POINT (-79.29781805327022 41.456238364812535)",-79.2978180000,41.4562383000,-79.2978180000,41.4562383000,Forest
"POINT (-80.286787348420532 40.007461522474216)",-80.2867870000,40.0074615000,-80.2867870000,40.0074615000,Greene
"POINT (-80.284741704672797 40.002761562394511)",-80.2847410000,40.0027615000,-80.2847410000,40.0027615000,Greene
"POINT (-80.264461080604178 39.942536937978517)",-80.2644610000,39.9425369000,-80.2644610000,39.9425369000,Greene
"POINT (-80.264709258153388 39.945330292369846)",-80.2647090000,39.9453302000,-80.2647090000,39.9453302000,Greene
"POINT (-80.264359872674447 39.945927526274382)",-80.2643590000,39.9459275000,-80.2643590000,39.9459275000,Greene
"POINT (-80.264975 39.944995)",-80.2649750000,39.9449950000,-80.2649750000,39.9449950000,Greene
"POINT (-80.26606 39.943778)",-80.2660600000,39.9437780000,-80.2660600000,39.9437780000,Greene
"POINT (-80.1439350061856 39.90534908760506)",-80.1439350000,39.9053490000,-80.1439350000,39.9053490000,Greene
"POINT (-80.109426716080193 39.986844661108933)",-80.1094260000,39.9868446000,-80.1094260000,39.9868446000,Greene
"POINT (-79.542308848051022 40.792608326126377)",-79.5423080000,40.7926083000,-79.5423080000,40.7926083000,Armstrong
"POINT (-79.539347911798956 40.896634905521651)",-79.5393470000,40.8966349000,-79.5393470000,40.8966349000,Armstrong
"POINT (-79.458382499999956 40.826005)",-79.4583820000,40.8260050000,-79.4583820000,40.8260050000,Armstrong
"POINT (-77.61405030319473 41.668987651415804)",-77.6140500000,41.6689876000,-77.6140500000,41.6689876000,Potter
"POINT (-76.106759 41.517515)",-76.1067590000,41.5175150000,-76.1067590000,41.5175150000,Wyoming
"POINT (-75.936962 41.624939)",-75.9369620000,41.6249390000,-75.9369620000,41.6249390000,Wyoming
"POINT (-79.489043 40.7631375)",-79.4890430000,40.7631375000,-79.4890430000,40.7631375000,Armstrong
"POINT (-80.12824 39.897431)",-80.1282400000,39.8974310000,-80.1282400000,39.8974310000,Greene
"POINT (-80.341786932715465 39.854589971656097)",-80.3417860000,39.8545899000,-80.3417860000,39.8545899000,Greene
"POINT (-80.482441 39.790037)",-80.4824410000,39.7900370000,-80.4824410000,39.7900370000,Greene
"POINT (-80.284758917112029 39.816123744746584)",-80.2847580000,39.8161237000,-80.2847580000,39.8161237000,Greene
"POINT (-80.288787 39.9934995)",-80.2887870000,39.9934995000,-80.2887870000,39.9934995000,Greene
"POINT (-79.52634 40.865212)",-79.5263400000,40.8652120000,-79.5263400000,40.8652120000,Armstrong
"POINT (-80.006984830305441 39.761917944690865)",-80.0069840000,39.7619179000,-80.0069840000,39.7619179000,Greene
"POINT (-78.388111760677873 41.104623109791596)",-78.3881110000,41.1046231000,-78.3881110000,41.1046231000,Clearfield
"POINT (-80.490203785889747 40.657362514731034)",-80.4902030000,40.6573625000,-80.4902030000,40.6573625000,Beaver
"POINT (-78.795752980017056 41.950213334948572)",-78.7957520000,41.9502133000,-78.7957520000,41.9502133000,Mckean
"POINT (-80.054088496299286 40.839594576821639)",-80.0540880000,40.8395945000,-80.0540880000,40.8395945000,Butler
"POINT (-79.838779808217907 40.8458093396859)",-79.8387790000,40.8458093000,-79.8387790000,40.8458093000,Butler
"POINT (-80.017084781661282 40.781171953984391)",-80.0170840000,40.7811719000,-80.0170840000,40.7811719000,Butler
"POINT (-75.969277117022727 41.607243194293382)",-75.9692770000,41.6072431000,-75.9692770000,41.6072431000,Wyoming
"POINT (-78.351101756961299 41.126307699426008)",-78.3511010000,41.1263076000,-78.3511010000,41.1263076000,Clearfield
"POINT (-78.36654771365825 41.641687239874663)",-78.3665470000,41.6416872000,-78.3665470000,41.6416872000,Mckean
"POINT (-78.799078860616333 41.218151846828142)",-78.7990780000,41.2181518000,-78.7990780000,41.2181518000,Jefferson
"POINT (-78.793722463834399 41.21694718359565)",-78.7937220000,41.2169471000,-78.7937220000,41.2169471000,Jefferson
"POINT (-76.261012232940359 41.947789087634717)",-76.2610120000,41.9477890000,-76.2610120000,41.9477890000,Bradford
"POINT (-80.134706980455576 39.913966319568345)",-80.1347060000,39.9139663000,-80.1347060000,39.9139663000,Greene
"POINT (-80.095389985645639 39.960431420075984)",-80.0953890000,39.9604314000,-80.0953890000,39.9604314000,Greene
"POINT (-80.077706970317351 39.972602970676981)",-80.0777060000,39.9726029000,-80.0777060000,39.9726029000,Greene
"POINT (-78.479052197742789 40.839996859125471)",-78.4790520000,40.8399968000,-78.4790520000,40.8399968000,Clearfield
"POINT (-78.479320061621294 40.839868449529611)",-78.4793200000,40.8398684000,-78.4793200000,40.8398684000,Clearfield
"POINT (-80.497712632902761 40.749461517305271)",-80.4977120000,40.7494615000,-80.4977120000,40.7494615000,Beaver
"POINT (-78.920077625018138 41.267097466493041)",-78.9200770000,41.2670974000,-78.9200770000,41.2670974000,Jefferson
"POINT (-78.920112197276339 41.267691205858661)",-78.9201120000,41.2676912000,-78.9201120000,41.2676912000,Jefferson
"POINT (-76.226351 41.60075)",-76.2263510000,41.6007500000,-76.2263510000,41.6007500000,Bradford
"POINT (-80.277676905876604 39.910610443599417)",-80.2776760000,39.9106104000,-80.2776760000,39.9106104000,Greene
"POINT (-80.303978 39.914975)",-80.3039780000,39.9149750000,-80.3039780000,39.9149750000,Greene
"POINT (-80.265124097454361 39.938523407827475)",-80.2651240000,39.9385234000,-80.2651240000,39.9385234000,Greene
"POINT (-80.264438 39.945599)",-80.2644380000,39.9455990000,-80.2644380000,39.9455990000,Greene
"POINT (-80.194468543312865 39.981006238816889)",-80.1944680000,39.9810062000,-80.1944680000,39.9810062000,Greene
"POINT (-80.477984653772609 39.817225907099143)",-80.4779840000,39.8172259000,-80.4779840000,39.8172259000,Greene
"POINT (-80.068929208101267 39.97955270661668)",-80.0689290000,39.9795527000,-80.0689290000,39.9795527000,Greene
"POINT (-80.005673774592111 39.815346768659289)",-80.0056730000,39.8153467000,-80.0056730000,39.8153467000,Greene
"POINT (-78.408665764804937 41.112768933633504)",-78.4086650000,41.1127689000,-78.4086650000,41.1127689000,Clearfield
"POINT (-78.402325384117802 41.11028425590851)",-78.4023250000,41.1102842000,-78.4023250000,41.1102842000,Clearfield
"POINT (-78.497282863482312 41.678042451915701)",-78.4972820000,41.6780424000,-78.4972820000,41.6780424000,Mckean
"POINT (-79.845921899431033 40.823165881253182)",-79.8459210000,40.8231658000,-79.8459210000,40.8231658000,Butler
"POINT (-78.847233135902599 40.974639579866782)",-78.8472330000,40.9746395000,-78.8472330000,40.9746395000,Jefferson
"POINT (-80.304166217990698 39.915168721518178)",-80.3041660000,39.9151687000,-80.3041660000,39.9151687000,Greene
"POINT (-80.302684018104017 39.918208542132774)",-80.3026840000,39.9182085000,-80.3026840000,39.9182085000,Greene
"POINT (-80.29326985926339 39.937185495592537)",-80.2932690000,39.9371854000,-80.2932690000,39.9371854000,Greene
"POINT (-80.336256832152529 39.926678223175522)",-80.3362560000,39.9266782000,-80.3362560000,39.9266782000,Greene
"POINT (-80.395677811862654 39.923480108979113)",-80.3956770000,39.9234801000,-80.3956770000,39.9234801000,Greene
"POINT (-80.337258753021985 39.929021493533178)",-80.3372580000,39.9290214000,-80.3372580000,39.9290214000,Greene
"POINT (-79.864801203036251 40.718678043664518)",-79.8648010000,40.7186780000,-79.8648010000,40.7186780000,Butler
"POINT (-78.8605720781771 40.996968020304138)",-78.8605720000,40.9969680000,-78.8605720000,40.9969680000,Jefferson
"POINT (-79.956785 39.947289)",-79.9567850000,39.9472890000,-79.9567850000,39.9472890000,Greene
"POINT (-79.956159 39.947006)",-79.9561590000,39.9470060000,-79.9561590000,39.9470060000,Greene
"POINT (-80.15856291438412 39.924475473239944)",-80.1585620000,39.9244754000,-80.1585620000,39.9244754000,Greene
"POINT (-79.999241950182878 40.777344197273067)",-79.9992410000,40.7773441000,-79.9992410000,40.7773441000,Butler
"POINT (-78.49491939627859 41.707997334860174)",-78.4949190000,41.7079973000,-78.4949190000,41.7079973000,Mckean
"POINT (-78.716917500000022 41.49259)",-78.7169170000,41.4925900000,-78.7169170000,41.4925900000,Elk
"POINT (-80.237815672857195 39.943144031463561)",-80.2378150000,39.9431440000,-80.2378150000,39.9431440000,Greene
"POINT (-80.2385765 39.9445495)",-80.2385760000,39.9445495000,-80.2385760000,39.9445495000,Greene
"POINT (-80.218924626892559 39.920754738574701)",-80.2189240000,39.9207547000,-80.2189240000,39.9207547000,Greene
"POINT (-80.21788689067256 39.923658189218401)",-80.2178860000,39.9236581000,-80.2178860000,39.9236581000,Greene
"POINT (-80.382157 39.879217)",-80.3821570000,39.8792170000,-80.3821570000,39.8792170000,Greene
"POINT (-79.19681257487845 41.071238803124182)",-79.1968120000,41.0712388000,-79.1968120000,41.0712388000,Jefferson
"POINT (-79.196817080582932 41.071809926431712)",-79.1968170000,41.0718099000,-79.1968170000,41.0718099000,Jefferson
"POINT (-79.968341053315598 40.796027083540011)",-79.9683410000,40.7960270000,-79.9683410000,40.7960270000,Butler
"POINT (-79.892953041636332 40.734181112009374)",-79.8929530000,40.7341811000,-79.8929530000,40.7341811000,Butler
"POINT (-79.979454159951615 40.806637991420544)",-79.9794540000,40.8066379000,-79.9794540000,40.8066379000,Butler
"POINT (-80.0939 39.97826)",-80.0939000000,39.9782600000,-80.0939000000,39.9782600000,Greene
"POINT (-80.038681077830503 39.853048238618236)",-80.0386810000,39.8530482000,-80.0386810000,39.8530482000,Greene
"POINT (-80.039024141071451 39.85353118667549)",-80.0390240000,39.8535311000,-80.0390240000,39.8535311000,Greene
"POINT (-79.996589 39.906557)",-79.9965890000,39.9065570000,-79.9965890000,39.9065570000,Greene
"POINT (-80.014797366168693 39.872914503515354)",-80.0147970000,39.8729145000,-80.0147970000,39.8729145000,Greene
"POINT (-80.015603281265371 39.87300834600493)",-80.0156030000,39.8730083000,-80.0156030000,39.8730083000,Greene
"POINT (-80.010327165476156 39.869326863198388)",-80.0103270000,39.8693268000,-80.0103270000,39.8693268000,Greene
"POINT (-79.9800235 39.723277)",-79.9800230000,39.7232770000,-79.9800230000,39.7232770000,Greene
"POINT (-79.750489 40.882412)",-79.7504890000,40.8824120000,-79.7504890000,40.8824120000,Butler
"POINT (-79.959048 39.911473)",-79.9590480000,39.9114730000,-79.9590480000,39.9114730000,Greene
"POINT (-80.030622 39.784498)",-80.0306220000,39.7844980000,-80.0306220000,39.7844980000,Greene
"POINT (-80.008366 39.919515)",-80.0083660000,39.9195150000,-80.0083660000,39.9195150000,Greene
"POINT (-79.997557 39.726773)",-79.9975570000,39.7267730000,-79.9975570000,39.7267730000,Greene
"POINT (-79.997524 39.727154)",-79.9975240000,39.7271540000,-79.9975240000,39.7271540000,Greene
"POINT (-80.04950761611876 39.838273734468821)",-80.0495070000,39.8382737000,-80.0495070000,39.8382737000,Greene
"POINT (-79.965164868384562 39.870069355126873)",-79.9651640000,39.8700693000,-79.9651640000,39.8700693000,Greene
"POINT (-78.29923129343257 41.637068326819552)",-78.2992310000,41.6370683000,-78.2992310000,41.6370683000,Mckean
"POINT (-78.816636792433599 41.025425026251988)",-78.8166360000,41.0254250000,-78.8166360000,41.0254250000,Jefferson
"POINT (-78.817477542260093 41.025462154460214)",-78.8174770000,41.0254621000,-78.8174770000,41.0254621000,Jefferson
"POINT (-80.403246 40.685735)",-80.4032460000,40.6857350000,-80.4032460000,40.6857350000,Beaver
"POINT (-80.445512617406777 40.654680589320598)",-80.4455120000,40.6546805000,-80.4455120000,40.6546805000,Beaver
"POINT (-78.255390435823202 41.674058201693448)",-78.2553900000,41.6740582000,-78.2553900000,41.6740582000,Mckean
"POINT (-78.858242608733406 40.95532772523606)",-78.8582420000,40.9553277000,-78.8582420000,40.9553277000,Jefferson
"POINT (-78.856582500000016 40.955117)",-78.8565820000,40.9551170000,-78.8565820000,40.9551170000,Jefferson
"POINT (-78.714523342287066 41.625058079119945)",-78.7145230000,41.6250580000,-78.7145230000,41.6250580000,Elk
"POINT (-78.626018500000015 41.685904)",-78.6260180000,41.6859040000,-78.6260180000,41.6859040000,Mckean
"POINT (-79.887547427957529 40.828636629364098)",-79.8875470000,40.8286366000,-79.8875470000,40.8286366000,Butler
"POINT (-80.079366668928358 40.871187761481053)",-80.0793660000,40.8711877000,-80.0793660000,40.8711877000,Butler
"POINT (-78.375022708246888 41.72084811356104)",-78.3750220000,41.7208481000,-78.3750220000,41.7208481000,Mckean
"POINT (-78.859726523549909 40.611332671361623)",-78.8597260000,40.6113326000,-78.8597260000,40.6113326000,Indiana
"POINT (-76.222292793972144 41.795045272881907)",-76.2222920000,41.7950452000,-76.2222920000,41.7950452000,Bradford
"POINT (-76.2256 41.794341)",-76.2256000000,41.7943410000,-76.2256000000,41.7943410000,Bradford
"POINT (-79.018890430355853 41.389178047697037)",-79.0188900000,41.3891780000,-79.0188900000,41.3891780000,Elk
"POINT (-78.613942291794501 41.883151728451701)",-78.6139420000,41.8831517000,-78.6139420000,41.8831517000,Mckean
"POINT (-79.961603085251951 40.819958813482451)",-79.9616030000,40.8199588000,-79.9616030000,40.8199588000,Butler
"POINT (-80.02816539586955 40.802632774182918)",-80.0281650000,40.8026327000,-80.0281650000,40.8026327000,Butler
"POINT (-78.902764292244839 41.290783053687775)",-78.9027640000,41.2907830000,-78.9027640000,41.2907830000,Jefferson
"POINT (-78.903525096153601 41.291655429947106)",-78.9035250000,41.2916554000,-78.9035250000,41.2916554000,Jefferson
"POINT (-79.979725 40.80748)",-79.9797250000,40.8074800000,-79.9797250000,40.8074800000,Butler
"POINT (-80.124282701789667 40.873875677982738)",-80.1242820000,40.8738756000,-80.1242820000,40.8738756000,Butler
"POINT (-79.799804858379687 41.036888100071138)",-79.7998040000,41.0368881000,-79.7998040000,41.0368881000,Butler
"POINT (-79.799573102378318 41.037886430060034)",-79.7995730000,41.0378864000,-79.7995730000,41.0378864000,Butler
"POINT (-76.229702006291078 41.786667364550588)",-76.2297020000,41.7866673000,-76.2297020000,41.7866673000,Bradford
"POINT (-76.231302394593882 41.785897250736959)",-76.2313020000,41.7858972000,-76.2313020000,41.7858972000,Bradford
"POINT (-78.824852809974701 41.585209082057588)",-78.8248520000,41.5852090000,-78.8248520000,41.5852090000,Elk
"POINT (-76.231112194745847 41.577752580792215)",-76.2311120000,41.5777525000,-76.2311120000,41.5777525000,Bradford
"POINT (-78.68574940141562 41.21562026570281)",-78.6857490000,41.2156202000,-78.6857490000,41.2156202000,Elk
"POINT (-79.564118326379415 40.493360093300403)",-79.5641180000,40.4933600000,-79.5641180000,40.4933600000,Westmoreland
"POINT (-79.873392775810601 40.81445067037901)",-79.8733920000,40.8144506000,-79.8733920000,40.8144506000,Butler
"POINT (-76.842228071551872 41.695444533947203)",-76.8422280000,41.6954445000,-76.8422280000,41.6954445000,Bradford
"POINT (-76.841348641288249 41.695955494564686)",-76.8413480000,41.6959554000,-76.8413480000,41.6959554000,Bradford
"POINT (-78.922746956516306 41.476024532219455)",-78.9227460000,41.4760245000,-78.9227460000,41.4760245000,Elk
"POINT (-76.888948292726553 41.909955564095348)",-76.8889480000,41.9099555000,-76.8889480000,41.9099555000,Bradford
"POINT (-76.225916983372173 41.816551314327448)",-76.2259160000,41.8165513000,-76.2259160000,41.8165513000,Bradford
"POINT (-76.203466173577937 41.912729335834541)",-76.2034660000,41.9127293000,-76.2034660000,41.9127293000,Bradford
"POINT (-78.454316599128504 41.293148250900366)",-78.4543160000,41.2931482000,-78.4543160000,41.2931482000,Elk
"POINT (-78.452903904924923 41.294083646321226)",-78.4529030000,41.2940836000,-78.4529030000,41.2940836000,Elk
"POINT (-79.720714153278053 40.184215401809631)",-79.7207140000,40.1842154000,-79.7207140000,40.1842154000,Westmoreland
"POINT (-79.722178451559643 40.180871397704493)",-79.7221780000,40.1808713000,-79.7221780000,40.1808713000,Westmoreland
"POINT (-78.421842795332395 41.500036802143789)",-78.4218420000,41.5000368000,-78.4218420000,41.5000368000,Elk
"POINT (-77.904272107078199 41.064881147552761)",-77.9042720000,41.0648811000,-77.9042720000,41.0648811000,Centre
"POINT (-78.763545959343432 41.318536067843873)",-78.7635450000,41.3185360000,-78.7635450000,41.3185360000,Elk
"POINT (-78.763488735511999 41.319207847051288)",-78.7634880000,41.3192078000,-78.7634880000,41.3192078000,Elk
"POINT (-79.779707556581826 40.268754248908913)",-79.7797070000,40.2687542000,-79.7797070000,40.2687542000,Westmoreland
"POINT (-79.777219870653724 40.270091480918992)",-79.7772190000,40.2700914000,-79.7772190000,40.2700914000,Westmoreland
"POINT (-79.742527835701893 40.195595404700008)",-79.7425270000,40.1955954000,-79.7425270000,40.1955954000,Westmoreland
"POINT (-79.742750285960994 40.195182513615805)",-79.7427500000,40.1951825000,-79.7427500000,40.1951825000,Westmoreland
"POINT (-79.705655084499611 40.214157840215869)",-79.7056550000,40.2141578000,-79.7056550000,40.2141578000,Westmoreland
"POINT (-79.705960658304818 40.212947094571661)",-79.7059600000,40.2129470000,-79.7059600000,40.2129470000,Westmoreland
"POINT (-79.186056065066779 40.511969712348446)",-79.1860560000,40.5119697000,-79.1860560000,40.5119697000,Indiana
"POINT (-79.765328440772947 40.28597384027416)",-79.7653280000,40.2859738000,-79.7653280000,40.2859738000,Westmoreland
"POINT (-79.764235535840626 40.286087285364054)",-79.7642350000,40.2860872000,-79.7642350000,40.2860872000,Westmoreland
"POINT (-79.756270749953927 40.266154511893717)",-79.7562700000,40.2661545000,-79.7562700000,40.2661545000,Westmoreland
"POINT (-79.750117316893878 40.266534045977664)",-79.7501170000,40.2665340000,-79.7501170000,40.2665340000,Westmoreland
"POINT (-79.751225193552642 40.266534157610593)",-79.7512250000,40.2665341000,-79.7512250000,40.2665341000,Westmoreland
"POINT (-79.695619006359408 40.222468435146531)",-79.6956190000,40.2224684000,-79.6956190000,40.2224684000,Westmoreland
"POINT (-79.694967653278113 40.223298840756605)",-79.6949670000,40.2232988000,-79.6949670000,40.2232988000,Westmoreland
"POINT (-79.744519616308111 40.22898246668322)",-79.7445190000,40.2289824000,-79.7445190000,40.2289824000,Westmoreland
"POINT (-79.17679096769848 40.307021497616631)",-79.1767900000,40.3070214000,-79.1767900000,40.3070214000,Westmoreland
"POINT (-79.809149068359829 39.967585001970868)",-79.8091490000,39.9675850000,-79.8091490000,39.9675850000,Fayette
"POINT (-79.809523570910343 39.967375849228929)",-79.8095230000,39.9673758000,-79.8095230000,39.9673758000,Fayette
"POINT (-79.658473673387931 41.259026340094415)",-79.6584730000,41.2590263000,-79.6584730000,41.2590263000,Venango
"POINT (-79.659985494329618 41.25905513756085)",-79.6599850000,41.2590551000,-79.6599850000,41.2590551000,Venango
"POINT (-79.610308521308013 40.7177911359841)",-79.6103080000,40.7177911000,-79.6103080000,40.7177911000,Armstrong
"POINT (-79.440693869617263 41.049524910128746)",-79.4406930000,41.0495249000,-79.4406930000,41.0495249000,Clarion
"POINT (-79.76836023176314 40.277913930509257)",-79.7683600000,40.2779139000,-79.7683600000,40.2779139000,Westmoreland
"POINT (-79.764200287223588 40.276283997901011)",-79.7642000000,40.2762839000,-79.7642000000,40.2762839000,Westmoreland
"POINT (-79.764667146279905 40.27545699944752)",-79.7646670000,40.2754569000,-79.7646670000,40.2754569000,Westmoreland
"POINT (-77.965166521107946 41.06044936560626)",-77.9651660000,41.0604493000,-77.9651660000,41.0604493000,Centre
"POINT (-79.827263806674509 40.066119482404005)",-79.8272630000,40.0661194000,-79.8272630000,40.0661194000,Fayette
"POINT (-79.743722624967177 39.946169250828575)",-79.7437220000,39.9461692000,-79.7437220000,39.9461692000,Fayette
"POINT (-79.903803328854366 39.932641414371226)",-79.9038030000,39.9326414000,-79.9038030000,39.9326414000,Fayette
"POINT (-79.772337556258847 40.034890980578894)",-79.7723370000,40.0348909000,-79.7723370000,40.0348909000,Fayette
"POINT (-79.896686644025507 39.933731557238914)",-79.8966860000,39.9337315000,-79.8966860000,39.9337315000,Fayette
"POINT (-76.4574795 41.24947)",-76.4574790000,41.2494700000,-76.4574790000,41.2494700000,Columbia
"POINT (-79.560771682462899 40.508129980923741)",-79.5607710000,40.5081299000,-79.5607710000,40.5081299000,Westmoreland
"POINT (-79.559129342513287 40.507611233438205)",-79.5591290000,40.5076112000,-79.5591290000,40.5076112000,Westmoreland
"POINT (-79.342047689796658 39.787002091040648)",-79.3420470000,39.7870020000,-79.3420470000,39.7870020000,Somerset
"POINT (-77.093088 41.592991)",-77.0930880000,41.5929910000,-77.0930880000,41.5929910000,Tioga
"POINT (-79.732844196920013 40.231254286199018)",-79.7328440000,40.2312542000,-79.7328440000,40.2312542000,Westmoreland
"POINT (-79.546594408860884 40.506680394891688)",-79.5465940000,40.5066803000,-79.5465940000,40.5066803000,Westmoreland
"POINT (-79.305242260639062 40.354212120689027)",-79.3052420000,40.3542121000,-79.3052420000,40.3542121000,Westmoreland
"POINT (-77.999506677859486 41.224915907145402)",-77.9995060000,41.2249159000,-77.9995060000,41.2249159000,Clinton
"POINT (-78.001616528005869 41.225420601492836)",-78.0016160000,41.2254206000,-78.0016160000,41.2254206000,Clinton
"POINT (-79.365499962240065 40.336671740879481)",-79.3654990000,40.3366717000,-79.3654990000,40.3366717000,Westmoreland
"POINT (-79.383003785432166 40.12718855819827)",-79.3830030000,40.1271885000,-79.3830030000,40.1271885000,Westmoreland
"POINT (-79.680153105527566 40.022691753510564)",-79.6801530000,40.0226917000,-79.6801530000,40.0226917000,Fayette
"POINT (-79.753876144452235 40.285369270503871)",-79.7538760000,40.2853692000,-79.7538760000,40.2853692000,Westmoreland
"POINT (-79.287297198124193 40.374485574821392)",-79.2872970000,40.3744855000,-79.2872970000,40.3744855000,Westmoreland
"POINT (-79.289224704914503 40.37592823660372)",-79.2892240000,40.3759282000,-79.2892240000,40.3759282000,Westmoreland
"POINT (-79.799704693918869 39.994106537718707)",-79.7997040000,39.9941065000,-79.7997040000,39.9941065000,Fayette
"POINT (-79.799521600935734 39.994711764148541)",-79.7995210000,39.9947117000,-79.7995210000,39.9947117000,Fayette
"POINT (-76.33952 41.6879775)",-76.3395200000,41.6879775000,-76.3395200000,41.6879775000,Bradford
"POINT (-78.062126181845983 41.02450254059795)",-78.0621260000,41.0245025000,-78.0621260000,41.0245025000,Centre
"POINT (-78.060460054066681 41.023931342053757)",-78.0604600000,41.0239313000,-78.0604600000,41.0239313000,Centre
"POINT (-78.058861490978742 41.023063886892885)",-78.0588610000,41.0230638000,-78.0588610000,41.0230638000,Centre
"POINT (-79.615115493198005 40.849576695703881)",-79.6151150000,40.8495766000,-79.6151150000,40.8495766000,Armstrong
"POINT (-79.61498307765352 40.849040571819643)",-79.6149830000,40.8490405000,-79.6149830000,40.8490405000,Armstrong
"POINT (-79.234600245303042 41.047448278056208)",-79.2346000000,41.0474482000,-79.2346000000,41.0474482000,Clarion
"POINT (-79.235026984055168 41.047780029617023)",-79.2350260000,41.0477800000,-79.2350260000,41.0477800000,Clarion
"POINT (-79.885366545876124 39.91533891558845)",-79.8853660000,39.9153389000,-79.8853660000,39.9153389000,Fayette
"POINT (-79.8844277462116 39.914331183550544)",-79.8844270000,39.9143311000,-79.8844270000,39.9143311000,Fayette
"POINT (-79.882788199804907 39.913237564964021)",-79.8827880000,39.9132375000,-79.8827880000,39.9132375000,Fayette
"POINT (-79.421943039679078 40.452682330861514)",-79.4219430000,40.4526823000,-79.4219430000,40.4526823000,Westmoreland
"POINT (-79.421903235162247 40.451392550592267)",-79.4219030000,40.4513925000,-79.4219030000,40.4513925000,Westmoreland
"POINT (-77.973866269061546 41.247979598545356)",-77.9738660000,41.2479795000,-77.9738660000,41.2479795000,Clinton
"POINT (-78.062980449425751 41.025114780326838)",-78.0629800000,41.0251147000,-78.0629800000,41.0251147000,Centre
"POINT (-79.677599351585002 40.823755897587446)",-79.6775990000,40.8237558000,-79.6775990000,40.8237558000,Armstrong
"POINT (-77.6202675 41.387419)",-77.6202670000,41.3874190000,-77.6202670000,41.3874190000,Clinton
"POINT (-79.438301941300836 39.739512842422677)",-79.4383010000,39.7395128000,-79.4383010000,39.7395128000,Fayette
"POINT (-79.762098868410234 40.126492591773648)",-79.7620980000,40.1264925000,-79.7620980000,40.1264925000,Fayette
"POINT (-79.478899193928044 40.364433428829827)",-79.4788990000,40.3644334000,-79.4788990000,40.3644334000,Westmoreland
"POINT (-79.480984588100227 40.36547007176577)",-79.4809840000,40.3654700000,-79.4809840000,40.3654700000,Westmoreland
"POINT (-79.298947451577632 40.36402009617661)",-79.2989470000,40.3640200000,-79.2989470000,40.3640200000,Westmoreland
"POINT (-79.297681 40.363767)",-79.2976810000,40.3637670000,-79.2976810000,40.3637670000,Westmoreland
"POINT (-79.801758367466988 40.088478672100749)",-79.8017580000,40.0884786000,-79.8017580000,40.0884786000,Fayette
"POINT (-79.801458171754874 40.088153922081233)",-79.8014580000,40.0881539000,-79.8014580000,40.0881539000,Fayette
"POINT (-76.513182500000028 41.7970515)",-76.5131820000,41.7970515000,-76.5131820000,41.7970515000,Bradford
"POINT (-76.879486485329906 41.86317974948593)",-76.8794860000,41.8631797000,-76.8794860000,41.8631797000,Bradford
"POINT (-79.336495778271541 40.332224650620965)",-79.3364950000,40.3322246000,-79.3364950000,40.3322246000,Westmoreland
"POINT (-79.351095365846973 40.148755423493185)",-79.3510950000,40.1487554000,-79.3510950000,40.1487554000,Westmoreland
"POINT (-79.352156 40.151067)",-79.3521560000,40.1510670000,-79.3521560000,40.1510670000,Westmoreland
"POINT (-79.144868689225603 40.340580390018062)",-79.1448680000,40.3405803000,-79.1448680000,40.3405803000,Westmoreland
"POINT (-79.798652500000017 39.734829)",-79.7986520000,39.7348290000,-79.7986520000,39.7348290000,Fayette
"POINT (-79.800290613815818 39.733704005867999)",-79.8002900000,39.7337040000,-79.8002900000,39.7337040000,Fayette
"POINT (-79.557396773166573 40.872965432345737)",-79.5573960000,40.8729654000,-79.5573960000,40.8729654000,Armstrong
"POINT (-77.552598078749014 41.37965878069209)",-77.5525980000,41.3796587000,-77.5525980000,41.3796587000,Clinton
"POINT (-79.096078148334072 40.328403335718718)",-79.0960780000,40.3284033000,-79.0960780000,40.3284033000,Westmoreland
"POINT (-79.095934216576836 40.331139366819933)",-79.0959340000,40.3311393000,-79.0959340000,40.3311393000,Westmoreland
"POINT (-79.274487612494596 40.399979449921609)",-79.2744870000,40.3999794000,-79.2744870000,40.3999794000,Westmoreland
"POINT (-79.80254210881138 39.889413797131041)",-79.8025420000,39.8894137000,-79.8025420000,39.8894137000,Fayette
"POINT (-79.229523459997907 39.93978698623939)",-79.2295230000,39.9397869000,-79.2295230000,39.9397869000,Somerset
"POINT (-79.4739025904519 40.844228964631952)",-79.4739020000,40.8442289000,-79.4739020000,40.8442289000,Armstrong
"POINT (-80.042624987446075 39.725524684912564)",-80.0426240000,39.7255246000,-80.0426240000,39.7255246000,Greene
"POINT (-80.411341 41.460504)",-80.4113410000,41.4605040000,-80.4113410000,41.4605040000,Mercer
"POINT (-75.927809983454551 41.862058422879741)",-75.9278090000,41.8620584000,-75.9278090000,41.8620584000,Susquehanna
"POINT (-75.884844029209205 41.71306859627591)",-75.8848440000,41.7130685000,-75.8848440000,41.7130685000,Susquehanna
"POINT (-79.816499984374303 39.998266135929292)",-79.8164990000,39.9982661000,-79.8164990000,39.9982661000,Fayette
"POINT (-77.958072668913459 41.244157356061883)",-77.9580720000,41.2441573000,-77.9580720000,41.2441573000,Clinton
"POINT (-79.187457777546626 40.035520838490079)",-79.1874570000,40.0355208000,-79.1874570000,40.0355208000,Somerset
"POINT (-77.671490127034801 41.356166998520294)",-77.6714900000,41.3561669000,-77.6714900000,41.3561669000,Clinton
"POINT (-79.935333 41.393617)",-79.9353330000,41.3936170000,-79.9353330000,41.3936170000,Venango
"POINT (-79.934703 41.395063)",-79.9347030000,41.3950630000,-79.9347030000,41.3950630000,Venango
"POINT (-80.308305559435553 39.934335456977969)",-80.3083050000,39.9343354000,-80.3083050000,39.9343354000,Greene
"POINT (-78.267731684900326 41.456925519757355)",-78.2677310000,41.4569255000,-78.2677310000,41.4569255000,Cameron
"POINT (-77.534161846290559 41.283438088452002)",-77.5341610000,41.2834380000,-77.5341610000,41.2834380000,Clinton
"POINT (-75.79933868402712 41.681694947196704)",-75.7993380000,41.6816949000,-75.7993380000,41.6816949000,Susquehanna
"POINT (-76.636121364582806 41.230784457122361)",-76.6361210000,41.2307844000,-76.6361210000,41.2307844000,Lycoming
"POINT (-79.904958224605053 40.243005716969897)",-79.9049580000,40.2430057000,-79.9049580000,40.2430057000,Allegheny
"POINT (-78.272379205036472 41.417187186698001)",-78.2723790000,41.4171871000,-78.2723790000,41.4171871000,Cameron
"POINT (-80.338888141139051 41.234168047938091)",-80.3388880000,41.2341680000,-80.3388880000,41.2341680000,Mercer
"POINT (-77.106907643729855 41.667393632293432)",-77.1069070000,41.6673936000,-77.1069070000,41.6673936000,Tioga
"POINT (-77.346091198456435 41.675606834852182)",-77.3460910000,41.6756068000,-77.3460910000,41.6756068000,Tioga
"POINT (-79.678293692185377 40.025393613954371)",-79.6782930000,40.0253936000,-79.6782930000,40.0253936000,Fayette
"POINT (-79.358335131707989 39.756073829045434)",-79.3583350000,39.7560738000,-79.3583350000,39.7560738000,Somerset
"POINT (-79.356696153588601 39.745261221119684)",-79.3566960000,39.7452612000,-79.3566960000,39.7452612000,Somerset
"POINT (-80.054281989150908 39.9502718187764)",-80.0542810000,39.9502718000,-80.0542810000,39.9502718000,Greene
"POINT (-80.223899750502923 39.99595506733538)",-80.2238990000,39.9959550000,-80.2238990000,39.9959550000,Greene
"POINT (-79.447404450238352 40.99853175056861)",-79.4474040000,40.9985317000,-79.4474040000,40.9985317000,Clarion
"POINT (-77.563662994989016 41.704639707103752)",-77.5636620000,41.7046397000,-77.5636620000,41.7046397000,Tioga
"POINT (-77.906751055959518 41.054457025096823)",-77.9067510000,41.0544570000,-77.9067510000,41.0544570000,Centre
"POINT (-79.347932349901825 40.347320823481041)",-79.3479320000,40.3473208000,-79.3479320000,40.3473208000,Westmoreland
"POINT (-78.89012 39.944251)",-78.8901200000,39.9442510000,-78.8901200000,39.9442510000,Somerset
"POINT (-78.889996 39.944595)",-78.8899960000,39.9445950000,-78.8899960000,39.9445950000,Somerset
"POINT (-78.889802 39.944851)",-78.8898020000,39.9448510000,-78.8898020000,39.9448510000,Somerset
"POINT (-78.889643 39.945256)",-78.8896430000,39.9452560000,-78.8896430000,39.9452560000,Somerset
"POINT (-79.561171347894302 40.780015867946915)",-79.5611710000,40.7800158000,-79.5611710000,40.7800158000,Armstrong
"POINT (-76.566165 41.322651)",-76.5661650000,41.3226510000,-76.5661650000,41.3226510000,Sullivan
"POINT (-76.971230940334024 41.670802526658271)",-76.9712300000,41.6708025000,-76.9712300000,41.6708025000,Tioga
"POINT (-79.648619 40.710979)",-79.6486190000,40.7109790000,-79.6486190000,40.7109790000,Armstrong
"POINT (-79.597987 40.677655)",-79.5979870000,40.6776550000,-79.5979870000,40.6776550000,Armstrong
"POINT (-77.095608057957264 41.76521761301931)",-77.0956080000,41.7652176000,-77.0956080000,41.7652176000,Tioga
"POINT (-79.488812500000037 40.763409)",-79.4888120000,40.7634090000,-79.4888120000,40.7634090000,Armstrong
"POINT (-79.489332 40.763034)",-79.4893320000,40.7630340000,-79.4893320000,40.7630340000,Armstrong
"POINT (-79.483697 40.700075)",-79.4836970000,40.7000750000,-79.4836970000,40.7000750000,Armstrong
"POINT (-79.475687 40.8232015)",-79.4756870000,40.8232015000,-79.4756870000,40.8232015000,Armstrong
"POINT (-79.476650500000034 40.8236025)",-79.4766500000,40.8236025000,-79.4766500000,40.8236025000,Armstrong
"POINT (-79.6448295 40.8900865)",-79.6448290000,40.8900865000,-79.6448290000,40.8900865000,Armstrong
"POINT (-75.928453417911356 41.830694561677397)",-75.9284530000,41.8306945000,-75.9284530000,41.8306945000,Susquehanna
"POINT (-77.133401530822198 41.762106923667012)",-77.1334010000,41.7621069000,-77.1334010000,41.7621069000,Tioga
"POINT (-79.368498 40.914146)",-79.3684980000,40.9141460000,-79.3684980000,40.9141460000,Armstrong
"POINT (-80.381166847767403 40.40672581402093)",-80.3811660000,40.4067258000,-80.3811660000,40.4067258000,Washington
"POINT (-80.381428483193147 40.407159643642771)",-80.3814280000,40.4071596000,-80.3814280000,40.4071596000,Washington
"POINT (-80.380791127089907 40.407155379576345)",-80.3807910000,40.4071553000,-80.3807910000,40.4071553000,Washington
"POINT (-80.381117095275584 40.407533476036548)",-80.3811170000,40.4075334000,-80.3811170000,40.4075334000,Washington
"POINT (-79.3672355 40.6879025)",-79.3672350000,40.6879025000,-79.3672350000,40.6879025000,Armstrong
"POINT (-77.301402373159007 41.308333500627356)",-77.3014020000,41.3083335000,-77.3014020000,41.3083335000,Lycoming
"POINT (-76.62999816966277 41.264557982834383)",-76.6299980000,41.2645579000,-76.6299980000,41.2645579000,Lycoming
"POINT (-80.265719181511969 41.369639859956848)",-80.2657190000,41.3696398000,-80.2657190000,41.3696398000,Mercer
"POINT (-77.155066822351614 41.771236575054104)",-77.1550660000,41.7712365000,-77.1550660000,41.7712365000,Tioga
"POINT (-77.124907831653843 41.739764434426533)",-77.1249070000,41.7397644000,-77.1249070000,41.7397644000,Tioga
"POINT (-76.978049375976227 41.795899329413167)",-76.9780490000,41.7958993000,-76.9780490000,41.7958993000,Tioga
"POINT (-80.517454123945072 40.225093979630969)",-80.5174540000,40.2250939000,-80.5174540000,40.2250939000,Washington
"POINT (-80.432967482489019 40.286941779777926)",-80.4329670000,40.2869417000,-80.4329670000,40.2869417000,Washington
"POINT (-76.130421596795145 41.829488463967138)",-76.1304210000,41.8294884000,-76.1304210000,41.8294884000,Bradford
"POINT (-77.064547 41.72847)",-77.0645470000,41.7284700000,-77.0645470000,41.7284700000,Tioga
"POINT (-76.969097260853047 41.699214660478724)",-76.9690970000,41.6992146000,-76.9690970000,41.6992146000,Tioga
"POINT (-77.369075 41.896884)",-77.3690750000,41.8968840000,-77.3690750000,41.8968840000,Tioga
"POINT (-77.39625504649122 41.711735885373493)",-77.3962550000,41.7117358000,-77.3962550000,41.7117358000,Tioga
"POINT (-75.876093120210697 41.778359238831342)",-75.8760930000,41.7783592000,-75.8760930000,41.7783592000,Susquehanna
"POINT (-76.104833154310967 41.766365104816138)",-76.1048330000,41.7663651000,-76.1048330000,41.7663651000,Susquehanna
"POINT (-80.122529434152611 40.044077585239521)",-80.1225290000,40.0440775000,-80.1225290000,40.0440775000,Washington
"POINT (-80.2731475 41.1776105)",-80.2731470000,41.1776105000,-80.2731470000,41.1776105000,Mercer
"POINT (-80.2732865 41.177855)",-80.2732860000,41.1778550000,-80.2732860000,41.1778550000,Mercer
"POINT (-80.2734535 41.1780645)",-80.2734530000,41.1780645000,-80.2734530000,41.1780645000,Mercer
"POINT (-77.276303409809032 41.653816738167599)",-77.2763030000,41.6538167000,-77.2763030000,41.6538167000,Tioga
"POINT (-79.899554114269776 40.245041645025481)",-79.8995540000,40.2450416000,-79.8995540000,40.2450416000,Allegheny
"POINT (-77.215624449801851 41.73928506251422)",-77.2156240000,41.7392850000,-77.2156240000,41.7392850000,Tioga
"POINT (-77.287491175385597 41.645518799110121)",-77.2874910000,41.6455187000,-77.2874910000,41.6455187000,Tioga
"POINT (-77.288536314658131 41.645072896158958)",-77.2885360000,41.6450728000,-77.2885360000,41.6450728000,Tioga
"POINT (-80.099799539402028 40.047261246366489)",-80.0997990000,40.0472612000,-80.0997990000,40.0472612000,Washington
"POINT (-80.100107508088243 40.047105255735545)",-80.1001070000,40.0471052000,-80.1001070000,40.0471052000,Washington
"POINT (-80.100402346083357 40.046961739535405)",-80.1004020000,40.0469617000,-80.1004020000,40.0469617000,Washington
"POINT (-77.519125190350763 41.380175290701047)",-77.5191250000,41.3801752000,-77.5191250000,41.3801752000,Lycoming
"POINT (-76.81897966974762 41.725439159222056)",-76.8189790000,41.7254391000,-76.8189790000,41.7254391000,Bradford
"POINT (-76.474998 41.972547)",-76.4749980000,41.9725470000,-76.4749980000,41.9725470000,Bradford
"POINT (-76.405228910292891 41.899039221559534)",-76.4052280000,41.8990392000,-76.4052280000,41.8990392000,Bradford
"POINT (-76.63027591410895 41.20033893665245)",-76.6302750000,41.2003389000,-76.6302750000,41.2003389000,Lycoming
"POINT (-76.785728959463512 41.74725731297022)",-76.7857280000,41.7472573000,-76.7857280000,41.7472573000,Bradford
"POINT (-76.786490973927997 41.746656527162258)",-76.7864900000,41.7466565000,-76.7864900000,41.7466565000,Bradford
"POINT (-76.787283537772439 41.746447822830113)",-76.7872830000,41.7464478000,-76.7872830000,41.7464478000,Bradford
"POINT (-77.019962 41.572829)",-77.0199620000,41.5728290000,-77.0199620000,41.5728290000,Tioga
"POINT (-79.957308500000011 41.3739245)",-79.9573080000,41.3739245000,-79.9573080000,41.3739245000,Venango
"POINT (-79.9568695 41.374083)",-79.9568690000,41.3740830000,-79.9568690000,41.3740830000,Venango
"POINT (-79.453888281969839 41.030860882188101)",-79.4538880000,41.0308608000,-79.4538880000,41.0308608000,Clarion
"POINT (-79.453796915005128 41.031720410678581)",-79.4537960000,41.0317204000,-79.4537960000,41.0317204000,Clarion
"POINT (-79.454318185885313 41.032771311817733)",-79.4543180000,41.0327713000,-79.4543180000,41.0327713000,Clarion
"POINT (-79.277455500000016 41.845669)",-79.2774550000,41.8456690000,-79.2774550000,41.8456690000,Warren
"POINT (-79.277431 41.846111)",-79.2774310000,41.8461110000,-79.2774310000,41.8461110000,Warren
"POINT (-76.4178100102271 41.631838698106151)",-76.4178100000,41.6318386000,-76.4178100000,41.6318386000,Bradford
"POINT (-80.181359793902985 40.878015119246044)",-80.1813590000,40.8780151000,-80.1813590000,40.8780151000,Lawrence
"POINT (-77.38324473985638 41.895796638622663)",-77.3832440000,41.8957966000,-77.3832440000,41.8957966000,Tioga
"POINT (-76.029015 41.5784445)",-76.0290150000,41.5784445000,-76.0290150000,41.5784445000,Wyoming
"POINT (-76.028055726288287 41.576869804969498)",-76.0280550000,41.5768698000,-76.0280550000,41.5768698000,Wyoming
"POINT (-79.507423 40.747893)",-79.5074230000,40.7478930000,-79.5074230000,40.7478930000,Armstrong
"POINT (-79.5073485 40.747327)",-79.5073480000,40.7473270000,-79.5073480000,40.7473270000,Armstrong
"POINT (-76.079708 41.629871)",-76.0797080000,41.6298710000,-76.0797080000,41.6298710000,Wyoming
"POINT (-76.408239502391638 41.948537409134289)",-76.4082390000,41.9485374000,-76.4082390000,41.9485374000,Bradford
"POINT (-77.290600628167581 41.713695053030079)",-77.2906000000,41.7136950000,-77.2906000000,41.7136950000,Tioga
"POINT (-76.640996 41.559174)",-76.6409960000,41.5591740000,-76.6409960000,41.5591740000,Sullivan
"POINT (-77.119635099595413 41.694303950856437)",-77.1196350000,41.6943039000,-77.1196350000,41.6943039000,Tioga
"POINT (-77.547435972094021 41.710225571316812)",-77.5474350000,41.7102255000,-77.5474350000,41.7102255000,Tioga
"POINT (-79.340124 41.597922)",-79.3401240000,41.5979220000,-79.3401240000,41.5979220000,Forest
"POINT (-77.037948137205063 41.965804156329902)",-77.0379480000,41.9658041000,-77.0379480000,41.9658041000,Tioga
"POINT (-76.415221 41.52227)",-76.4152210000,41.5222700000,-76.4152210000,41.5222700000,Sullivan
"POINT (-76.329669 41.53336)",-76.3296690000,41.5333600000,-76.3296690000,41.5333600000,Sullivan
"POINT (-77.183528611709818 41.788784654176148)",-77.1835280000,41.7887846000,-77.1835280000,41.7887846000,Tioga
"POINT (-75.679368 41.865454)",-75.6793680000,41.8654540000,-75.6793680000,41.8654540000,Susquehanna
"POINT (-80.498048 40.152257)",-80.4980480000,40.1522570000,-80.4980480000,40.1522570000,Washington
"POINT (-77.189747499999982 41.38881150000001)",-77.1897470000,41.3888115000,-77.1897470000,41.3888115000,Lycoming
"POINT (-76.1692 41.597575)",-76.1692000000,41.5975750000,-76.1692000000,41.5975750000,Wyoming
"POINT (-79.880702 40.195188)",-79.8807020000,40.1951880000,-79.8807020000,40.1951880000,Washington
"POINT (-80.441954 40.202008)",-80.4419540000,40.2020080000,-80.4419540000,40.2020080000,Washington
"POINT (-80.374997584284216 39.976473239862173)",-80.3749970000,39.9764732000,-80.3749970000,39.9764732000,Greene
"POINT (-76.569204 41.324296)",-76.5692040000,41.3242960000,-76.5692040000,41.3242960000,Sullivan
"POINT (-76.057159 41.550379)",-76.0571590000,41.5503790000,-76.0571590000,41.5503790000,Wyoming
"POINT (-76.056776 41.549996)",-76.0567760000,41.5499960000,-76.0567760000,41.5499960000,Wyoming
"POINT (-76.056644 41.54956)",-76.0566440000,41.5495600000,-76.0566440000,41.5495600000,Wyoming
"POINT (-80.136861 39.987088)",-80.1368610000,39.9870880000,-80.1368610000,39.9870880000,Greene
"POINT (-80.029755 40.226714)",-80.0297550000,40.2267140000,-80.0297550000,40.2267140000,Washington
"POINT (-79.957013 39.947325)",-79.9570130000,39.9473250000,-79.9570130000,39.9473250000,Greene
"POINT (-79.619443 40.775489)",-79.6194430000,40.7754890000,-79.6194430000,40.7754890000,Armstrong
"POINT (-79.507258 40.74801)",-79.5072580000,40.7480100000,-79.5072580000,40.7480100000,Armstrong
"POINT (-80.421647 40.153716)",-80.4216470000,40.1537160000,-80.4216470000,40.1537160000,Washington
"POINT (-77.916301 41.870995)",-77.9163010000,41.8709950000,-77.9163010000,41.8709950000,Potter
"POINT (-80.323691 39.8280065)",-80.3236910000,39.8280065000,-80.3236910000,39.8280065000,Greene
"POINT (-80.477989 40.016778)",-80.4779890000,40.0167780000,-80.4779890000,40.0167780000,Washington
"POINT (-80.478406 40.018025)",-80.4784060000,40.0180250000,-80.4784060000,40.0180250000,Washington
"POINT (-80.3056325 39.873243)",-80.3056320000,39.8732430000,-80.3056320000,39.8732430000,Greene
"POINT (-76.101814 41.56642)",-76.1018140000,41.5664200000,-76.1018140000,41.5664200000,Wyoming
"POINT (-80.059921 39.997157)",-80.0599210000,39.9971570000,-80.0599210000,39.9971570000,Greene
"POINT (-80.35447 40.268609)",-80.3544700000,40.2686090000,-80.3544700000,40.2686090000,Washington
"POINT (-80.2661225 40.023323)",-80.2661220000,40.0233230000,-80.2661220000,40.0233230000,Washington
"POINT (-79.648152 40.711526)",-79.6481520000,40.7115260000,-79.6481520000,40.7115260000,Armstrong
"POINT (-77.969811 41.590644)",-77.9698110000,41.5906440000,-77.9698110000,41.5906440000,Potter
"POINT (-80.275792 40.383165)",-80.2757920000,40.3831650000,-80.2757920000,40.3831650000,Washington
"POINT (-80.280898 40.244969)",-80.2808980000,40.2449690000,-80.2808980000,40.2449690000,Washington
"POINT (-80.215288500000042 40.123958)",-80.2152880000,40.1239580000,-80.2152880000,40.1239580000,Washington
"POINT (-77.233706 41.366854)",-77.2337060000,41.3668540000,-77.2337060000,41.3668540000,Lycoming
"POINT (-77.098028 41.499356)",-77.0980280000,41.4993560000,-77.0980280000,41.4993560000,Lycoming
"POINT (-76.958652 41.347743)",-76.9586520000,41.3477430000,-76.9586520000,41.3477430000,Lycoming
"POINT (-77.149902 41.368725)",-77.1499020000,41.3687250000,-77.1499020000,41.3687250000,Lycoming
"POINT (-79.941362499999983 40.1895415)",-79.9413620000,40.1895415000,-79.9413620000,40.1895415000,Washington
"POINT (-77.039897 41.432592)",-77.0398970000,41.4325920000,-77.0398970000,41.4325920000,Lycoming
"POINT (-80.26839 39.936437)",-80.2683900000,39.9364370000,-80.2683900000,39.9364370000,Greene
"POINT (-79.220923 41.601542)",-79.2209230000,41.6015420000,-79.2209230000,41.6015420000,Forest
"POINT (-78.4780395 40.839488)",-78.4780390000,40.8394880000,-78.4780390000,40.8394880000,Clearfield
"POINT (-80.076033 39.940789)",-80.0760330000,39.9407890000,-80.0760330000,39.9407890000,Greene
"POINT (-76.861856 41.770866)",-76.8618560000,41.7708660000,-76.8618560000,41.7708660000,Bradford
"POINT (-80.1151795 40.847658)",-80.1151790000,40.8476580000,-80.1151790000,40.8476580000,Butler
"POINT (-76.867321 41.937964)",-76.8673210000,41.9379640000,-76.8673210000,41.9379640000,Bradford
"POINT (-76.601277499999966 41.236921)",-76.6012770000,41.2369210000,-76.6012770000,41.2369210000,Lycoming
"POINT (-80.491741 39.792739)",-80.4917410000,39.7927390000,-80.4917410000,39.7927390000,Greene
"POINT (-79.993681 39.7229625)",-79.9936810000,39.7229625000,-79.9936810000,39.7229625000,Greene
"POINT (-79.838465 40.846036)",-79.8384650000,40.8460360000,-79.8384650000,40.8460360000,Butler
"POINT (-80.334288 39.831715)",-80.3342880000,39.8317150000,-80.3342880000,39.8317150000,Greene
"POINT (-78.930868 41.1467465)",-78.9308680000,41.1467465000,-78.9308680000,41.1467465000,Jefferson
"POINT (-80.058804 41.550419)",-80.0588040000,41.5504190000,-80.0588040000,41.5504190000,Crawford
"POINT (-76.590657 41.858582)",-76.5906570000,41.8585820000,-76.5906570000,41.8585820000,Bradford
"POINT (-80.40324 40.685972)",-80.4032400000,40.6859720000,-80.4032400000,40.6859720000,Beaver
"POINT (-80.107555 41.005989)",-80.1075550000,41.0059890000,-80.1075550000,41.0059890000,Butler
"POINT (-79.760453 40.885932)",-79.7604530000,40.8859320000,-79.7604530000,40.8859320000,Butler
"POINT (-76.736002 41.553165)",-76.7360020000,41.5531650000,-76.7360020000,41.5531650000,Sullivan
"POINT (-76.325713 41.59289)",-76.3257130000,41.5928900000,-76.3257130000,41.5928900000,Bradford
"POINT (-79.83056 40.793459)",-79.8305600000,40.7934590000,-79.8305600000,40.7934590000,Butler
"POINT (-79.759456 40.930417)",-79.7594560000,40.9304170000,-79.7594560000,40.9304170000,Butler
"POINT (-78.085511 41.039816)",-78.0855110000,41.0398160000,-78.0855110000,41.0398160000,Clearfield
"POINT (-76.225802 41.7944965)",-76.2258020000,41.7944965000,-76.2258020000,41.7944965000,Bradford
"POINT (-79.830017 40.795512)",-79.8300170000,40.7955120000,-79.8300170000,40.7955120000,Butler
"POINT (-76.683895 41.557422)",-76.6838950000,41.5574220000,-76.6838950000,41.5574220000,Sullivan
"POINT (-76.685875 41.558573)",-76.6858750000,41.5585730000,-76.6858750000,41.5585730000,Sullivan
"POINT (-80.153452 40.92932)",-80.1534520000,40.9293200000,-80.1534520000,40.9293200000,Butler
"POINT (-76.409093500000012 41.708133)",-76.4090930000,41.7081330000,-76.4090930000,41.7081330000,Bradford
"POINT (-80.09819 40.769973)",-80.0981900000,40.7699730000,-80.0981900000,40.7699730000,Butler
"POINT (-76.433823 41.349)",-76.4338230000,41.3490000000,-76.4338230000,41.3490000000,Sullivan
"POINT (-76.47727 41.937151)",-76.4772700000,41.9371510000,-76.4772700000,41.9371510000,Bradford
"POINT (-76.277989 41.724357)",-76.2779890000,41.7243570000,-76.2779890000,41.7243570000,Bradford
"POINT (-76.314579 41.707564)",-76.3145790000,41.7075640000,-76.3145790000,41.7075640000,Bradford
"POINT (-79.784271 40.266833)",-79.7842710000,40.2668330000,-79.7842710000,40.2668330000,Westmoreland
"POINT (-79.744844 40.228552)",-79.7448440000,40.2285520000,-79.7448440000,40.2285520000,Westmoreland
"POINT (-79.6909855 40.243329)",-79.6909850000,40.2433290000,-79.6909850000,40.2433290000,Westmoreland
"POINT (-79.690781499999986 40.2431165)",-79.6907810000,40.2431165000,-79.6907810000,40.2431165000,Westmoreland
"POINT (-79.691046 40.24292)",-79.6910460000,40.2429200000,-79.6910460000,40.2429200000,Westmoreland
"POINT (-79.571737460272942 40.503978729772555)",-79.5717370000,40.5039787000,-79.5717370000,40.5039787000,Westmoreland
"POINT (-78.060655 41.024076)",-78.0606550000,41.0240760000,-78.0606550000,41.0240760000,Centre
"POINT (-79.7330005 40.23291)",-79.7330000000,40.2329100000,-79.7330000000,40.2329100000,Westmoreland
"POINT (-79.199157 40.52084)",-79.1991570000,40.5208400000,-79.1991570000,40.5208400000,Indiana
"POINT (-79.200111 40.521088)",-79.2001110000,40.5210880000,-79.2001110000,40.5210880000,Indiana
"POINT (-79.744134 40.229624)",-79.7441340000,40.2296240000,-79.7441340000,40.2296240000,Westmoreland
"POINT (-79.743858500000016 39.9468395)",-79.7438580000,39.9468395000,-79.7438580000,39.9468395000,Fayette
"POINT (-79.705777 40.2137755)",-79.7057770000,40.2137755000,-79.7057770000,40.2137755000,Westmoreland
"POINT (-79.546317506467332 40.508764040333546)",-79.5463170000,40.5087640000,-79.5463170000,40.5087640000,Westmoreland
"POINT (-79.804873120811578 39.996313004650887)",-79.8048730000,39.9963130000,-79.8048730000,39.9963130000,Fayette
"POINT (-78.716726 41.492745)",-78.7167260000,41.4927450000,-78.7167260000,41.4927450000,Elk
"POINT (-79.764409 40.250466)",-79.7644090000,40.2504660000,-79.7644090000,40.2504660000,Westmoreland
"POINT (-79.764848 40.250237)",-79.7648480000,40.2502370000,-79.7648480000,40.2502370000,Westmoreland
"POINT (-79.765077 40.249874)",-79.7650770000,40.2498740000,-79.7650770000,40.2498740000,Westmoreland
"POINT (-79.765631 40.249703)",-79.7656310000,40.2497030000,-79.7656310000,40.2497030000,Westmoreland
"POINT (-79.765974 40.249359)",-79.7659740000,40.2493590000,-79.7659740000,40.2493590000,Westmoreland
"POINT (-79.766108 40.24892)",-79.7661080000,40.2489200000,-79.7661080000,40.2489200000,Westmoreland
"POINT (-79.766413 40.248577)",-79.7664130000,40.2485770000,-79.7664130000,40.2485770000,Westmoreland
"POINT (-79.817613650441075 39.999435429446528)",-79.8176130000,39.9994354000,-79.8176130000,39.9994354000,Fayette
"POINT (-79.297785 40.364052)",-79.2977850000,40.3640520000,-79.2977850000,40.3640520000,Westmoreland
"POINT (-79.176555 40.305385)",-79.1765550000,40.3053850000,-79.1765550000,40.3053850000,Westmoreland
"POINT (-79.35213 40.15137)",-79.3521300000,40.1513700000,-79.3521300000,40.1513700000,Westmoreland
"POINT (-79.798413 39.734978)",-79.7984130000,39.7349780000,-79.7984130000,39.7349780000,Fayette
"POINT (-79.703237 40.245995)",-79.7032370000,40.2459950000,-79.7032370000,40.2459950000,Westmoreland
"POINT (-79.2797945 40.375922500000016)",-79.2797940000,40.3759225000,-79.2797940000,40.3759225000,Westmoreland
"POINT (-79.287577 40.373779)",-79.2875770000,40.3737790000,-79.2875770000,40.3737790000,Westmoreland
"POINT (-79.571359 40.503935)",-79.5713590000,40.5039350000,-79.5713590000,40.5039350000,Westmoreland
"POINT (-79.895439 39.934549)",-79.8954390000,39.9345490000,-79.8954390000,39.9345490000,Fayette
"POINT (-77.977717 41.24414950000002)",-77.9777170000,41.2441495000,-77.9777170000,41.2441495000,Clinton
"POINT (-77.972241 41.248019)",-77.9722410000,41.2480190000,-77.9722410000,41.2480190000,Clinton
"POINT (-79.845992 39.740543)",-79.8459920000,39.7405430000,-79.8459920000,39.7405430000,Fayette
"POINT (-79.838195 39.981717)",-79.8381950000,39.9817170000,-79.8381950000,39.9817170000,Fayette
"POINT (-79.773001 40.035526)",-79.7730010000,40.0355260000,-79.7730010000,40.0355260000,Fayette
"POINT (-76.339801 41.688)",-76.3398010000,41.6880000000,-76.3398010000,41.6880000000,Bradford
"POINT (-79.362818500000017 40.134798)",-79.3628180000,40.1347980000,-79.3628180000,40.1347980000,Westmoreland
"POINT (-77.454968 41.239377)",-77.4549680000,41.2393770000,-77.4549680000,41.2393770000,Clinton
"POINT (-77.620584 41.387482)",-77.6205840000,41.3874820000,-77.6205840000,41.3874820000,Clinton
"POINT (-79.901393 39.945288)",-79.9013930000,39.9452880000,-79.9013930000,39.9452880000,Fayette
"POINT (-79.413597499999966 40.9643385)",-79.4135970000,40.9643385000,-79.4135970000,40.9643385000,Armstrong
"POINT (-79.918867 39.9275455)",-79.9188670000,39.9275455000,-79.9188670000,39.9275455000,Fayette
"POINT (-76.513496 41.797124)",-76.5134960000,41.7971240000,-76.5134960000,41.7971240000,Bradford
"POINT (-79.601811 40.934541)",-79.6018110000,40.9345410000,-79.6018110000,40.9345410000,Armstrong
"POINT (-75.900094 41.710759)",-75.9000940000,41.7107590000,-75.9000940000,41.7107590000,Susquehanna
"POINT (-78.061857 41.024393)",-78.0618570000,41.0243930000,-78.0618570000,41.0243930000,Centre
"POINT (-79.592622 40.807674)",-79.5926220000,40.8076740000,-79.5926220000,40.8076740000,Armstrong
"POINT (-79.486709499999961 40.909249)",-79.4867090000,40.9092490000,-79.4867090000,40.9092490000,Armstrong
"POINT (-79.591302237971732 40.799906660320715)",-79.5913020000,40.7999066000,-79.5913020000,40.7999066000,Armstrong
"POINT (-79.589068136589049 40.79687473485118)",-79.5890680000,40.7968747000,-79.5890680000,40.7968747000,Armstrong
"POINT (-79.475855 40.834952)",-79.4758550000,40.8349520000,-79.4758550000,40.8349520000,Armstrong
"POINT (-76.257795 41.82927)",-76.2577950000,41.8292700000,-76.2577950000,41.8292700000,Bradford
"POINT (-79.451309500000022 40.8880195)",-79.4513090000,40.8880195000,-79.4513090000,40.8880195000,Armstrong
"POINT (-77.202757 41.7460595)",-77.2027570000,41.7460595000,-77.2027570000,41.7460595000,Tioga
"POINT (-79.516753 40.871012)",-79.5167530000,40.8710120000,-79.5167530000,40.8710120000,Armstrong
"POINT (-76.620193499999985 41.2367145)",-76.6201930000,41.2367145000,-76.6201930000,41.2367145000,Lycoming
"POINT (-79.8168385 39.998934)",-79.8168380000,39.9989340000,-79.8168380000,39.9989340000,Fayette
"POINT (-79.6027705 40.854507)",-79.6027700000,40.8545070000,-79.6027700000,40.8545070000,Armstrong
"POINT (-76.986288500000015 41.989122)",-76.9862880000,41.9891220000,-76.9862880000,41.9891220000,Tioga
"POINT (-80.297935 40.091725)",-80.2979350000,40.0917250000,-80.2979350000,40.0917250000,Washington
"POINT (-77.064758 41.728521)",-77.0647580000,41.7285210000,-77.0647580000,41.7285210000,Tioga
"POINT (-76.005742 41.780139)",-76.0057420000,41.7801390000,-76.0057420000,41.7801390000,Susquehanna
"POINT (-76.586715 41.287836)",-76.5867150000,41.2878360000,-76.5867150000,41.2878360000,Lycoming
"POINT (-77.3300465 41.790359)",-77.3300460000,41.7903590000,-77.3300460000,41.7903590000,Tioga
"POINT (-80.485664 39.989436)",-80.4856640000,39.9894360000,-80.4856640000,39.9894360000,Washington
"POINT (-78.240855 41.444102)",-78.2408550000,41.4441020000,-78.2408550000,41.4441020000,Cameron
"POINT (-79.455492 41.043411)",-79.4554920000,41.0434110000,-79.4554920000,41.0434110000,Clarion
"POINT (-75.966212 41.64291)",-75.9662120000,41.6429100000,-75.9662120000,41.6429100000,Wyoming
"POINT (-77.029816 41.559179)",-77.0298160000,41.5591790000,-77.0298160000,41.5591790000,Tioga
"POINT (-79.473182 40.842518)",-79.4731820000,40.8425180000,-79.4731820000,40.8425180000,Armstrong
"POINT (-80.222085 39.995015)",-80.2220850000,39.9950150000,-80.2220850000,39.9950150000,Greene
"POINT (-80.307534 39.935808)",-80.3075340000,39.9358080000,-80.3075340000,39.9358080000,Greene
"POINT (-77.011843 41.816556)",-77.0118430000,41.8165560000,-77.0118430000,41.8165560000,Tioga
"POINT (-77.141632 41.734028)",-77.1416320000,41.7340280000,-77.1416320000,41.7340280000,Tioga
"POINT (-76.978604 41.795379)",-76.9786040000,41.7953790000,-76.9786040000,41.7953790000,Tioga
"POINT (-75.959865 41.898279)",-75.9598650000,41.8982790000,-75.9598650000,41.8982790000,Susquehanna
"POINT (-76.971167 41.696496)",-76.9711670000,41.6964960000,-76.9711670000,41.6964960000,Tioga
"POINT (-79.377451 41.078816)",-79.3774510000,41.0788160000,-79.3774510000,41.0788160000,Clarion
"POINT (-77.12655 41.688101)",-77.1265500000,41.6881010000,-77.1265500000,41.6881010000,Tioga
"POINT (-76.977923 41.828826)",-76.9779230000,41.8288260000,-76.9779230000,41.8288260000,Tioga
"POINT (-76.981016 41.585727)",-76.9810160000,41.5857270000,-76.9810160000,41.5857270000,Tioga
"POINT (-76.992491 41.601023)",-76.9924910000,41.6010230000,-76.9924910000,41.6010230000,Tioga
